country,1960,1961,1962,1963,1964,1965,1966,1967,1968,1969,1970,1971,1972,1973,1974,1975,1976,1977,1978,1979,1980,1981,1982,1983,1984,1985,1986,1987,1988,1989,1990,1991,1992,1993,1994,1995,1996,1997,1998,1999,2000,2001,2002,2003,2004,2005,2006,2007,2008,2009,2010,2011
Albania,,,,,,,,,,,,60200,77400,96900,112000,138000,163000,189000,206000,232000,254000,262000,269000,275000,236000,183000,349000,288000,253000,265000,245000,303000,277000,285000,324000,362000,492000,432000,423000,454000,395000,306000,302000,420000,470000,462000,467000,240000,327000,448000,652000,
Algeria,,,,,,,,,,,,28400,42600,64700,42700,28200,33500,23100,21500,25000,22100,31500,41200,20200,38900,55600,21500,42900,15700,19400,11600,25200,17100,30400,14300,16600,11600,6450,18500,17500,4640,5930,4900,22800,21600,47700,18700,19400,24300,26300,15000,
Angola,,,,,,,,,,,,52000,58500,70000,73800,81700,36800,36800,45400,47700,51200,51200,54300,49700,51700,60300,60300,60300,60300,61100,62300,66400,72200,76500,77000,77400,79500,75200,91100,76900,78400,87500,98300,107000,151000,191000,229000,215000,270000,266000,304000,
Argentina,,,,,,,,,,,,133000,129000,257000,432000,447000,431000,496000,667000,917000,1300000,1260000,1510000,1580000,1710000,1780000,1810000,1880000,1290000,1120000,1540000,1400000,1670000,2050000,2350000,2310000,1970000,2410000,2270000,1840000,2470000,3180000,3080000,2910000,2620000,2920000,3260000,2610000,2620000,2910000,2890000,
Armenia,,,,,,,,,,,,,,,,,,,,,,,,,,,,,,,134000,133000,262000,369000,302000,165000,135000,120000,132000,103000,108000,83200,143000,170000,172000,153000,157000,159000,155000,174000,220000,
Australia,344000,397000,423000,567000,588000,713000,607000,655000,654000,720000,764000,996000,995000,981000,1140000,1260000,1300000,1130000,1190000,1320000,1110000,1210000,1170000,1040000,1040000,1180000,1250000,1170000,1230000,1240000,1220000,1360000,1320000,1420000,1410000,1370000,1330000,1420000,1320000,1390000,1410000,1420000,1370000,1400000,1380000,1310000,1350000,1230000,1020000,945000,1070000,1270000
Austria,977000,963000,996000,977000,1090000,1350000,1470000,1500000,1530000,1400000,1780000,1390000,1440000,1610000,1910000,2020000,1720000,2110000,2110000,2370000,2470000,2650000,2660000,2630000,2480000,2660000,2680000,3100000,3080000,3030000,2710000,2700000,3000000,3160000,3070000,3190000,2940000,3100000,3200000,3500000,3600000,3480000,3460000,2860000,3160000,3150000,3080000,3190000,3300000,3520000,3300000,2900000
Azerbaijan,,,,,,,,,,,,,,,,,,,,,,,,,,,,,,,60200,151000,150000,206000,157000,134000,132000,147000,168000,130000,132000,112000,174000,212000,237000,259000,217000,203000,192000,199000,296000,
Bangladesh,,,,,,,,,,,,15100,15100,28500,20900,37500,42500,37600,43500,50500,50100,53700,45000,56900,77100,63500,38700,44500,58000,79100,76000,72100,68400,52300,72800,32000,63500,61800,74400,71600,81300,85400,91700,96800,105000,111000,119000,120000,127000,133000,143000,
Belarus,,,,,,,,,,,,,,,,,,,,,,,,,,,,,,,1720,1550,1460,1630,1630,1720,1380,1810,2410,1630,2320,2580,2490,2410,2840,3100,3010,3010,3350,3780,3870,
Belgium,14800,16300,14000,12400,9890,23400,25700,20500,21000,19800,21200,11500,15500,14700,20600,15700,9370,19300,19200,20100,23900,32800,28600,28900,30200,24700,29500,36900,30900,26200,22900,19700,29300,21800,29800,29100,20600,26200,33500,29300,39600,37900,31000,21200,27300,24800,30900,33500,35300,28200,26800,17100
Benin,,,,,,,,,,,,,,,,,,,,,,,,,,,,,,,,,,,,,,172,172,172,172,172,172,172,86,86,,,,,,
Bolivia,,,,,,,,,,,,77200,81600,83600,88900,92400,96800,102000,108000,111000,91400,99400,98500,98300,100000,98200,95800,91200,100000,100000,102000,112000,109000,129000,113000,109000,123000,135000,134000,154000,167000,183000,189000,171000,185000,169000,186000,199000,199000,197000,188000,
Bosnia and Herzegovina,,,,,,,,,,,,,,,,,,,,,,,,,,,,,,,263000,442000,293000,204000,297000,313000,443000,400000,392000,476000,438000,446000,453000,387000,514000,516000,504000,344000,419000,537000,690000,
Brazil,,,,,,,,,,,,3710000,4360000,4980000,5650000,6220000,7130000,8040000,8840000,10000000,11100000,11200000,12100000,13000000,14300000,15300000,15700000,16000000,17100000,17600000,17800000,18700000,19200000,20200000,20900000,21800000,22900000,24000000,25100000,25200000,26200000,23000000,24600000,26300000,27600000,29000000,30000000,32200000,31800000,33600000,34700000,
Bulgaria,,,,,,,,,,,,187000,180000,221000,179000,211000,254000,303000,250000,285000,319000,311000,262000,288000,280000,192000,200000,218000,223000,231000,162000,210000,177000,167000,126000,199000,251000,237000,266000,237000,230000,149000,189000,260000,272000,373000,364000,247000,243000,298000,435000,
Cambodia,,,,,,,,,,,,,,,,,,,,,,,,,,,,,,,,,,,,,,,,,,,2490,3530,2320,3780,4130,4040,3700,3180,2240,
Cameroon,,,,,,,,,,,,89900,92300,91800,102000,111000,108000,105000,108000,113000,117000,156000,175000,180000,187000,205000,209000,211000,221000,229000,228000,230000,232000,241000,231000,237000,247000,266000,268000,287000,296000,299000,274000,303000,337000,324000,335000,331000,364000,345000,366000,
Canada,9180000,9010000,9030000,9010000,9830000,10200000,11300000,11500000,11700000,13000000,13600000,14000000,15600000,16700000,18100000,17400000,18300000,18900000,20200000,21000000,21600000,22900000,22200000,22900000,24600000,26100000,26700000,27200000,26400000,25100000,25500000,26500000,27200000,27800000,28400000,28900000,30600000,30200000,28500000,29700000,30800000,28700000,30100000,29000000,29300000,31300000,30300000,31600000,32200000,31700000,30200000,32400000
Chile,,,,,,,,,,,,414000,493000,481000,547000,549000,567000,599000,624000,640000,677000,701000,767000,827000,858000,952000,1020000,1100000,1080000,907000,768000,1130000,1440000,1540000,1460000,1580000,1450000,1630000,1370000,1170000,1590000,1810000,1910000,1860000,1890000,2280000,2510000,1990000,2080000,2180000,1870000,1810000
China,,,,,,,,,,,,2580000,2920000,3270000,3700000,3870000,3920000,4090000,3840000,4310000,5010000,5640000,6400000,7430000,7460000,7940000,8130000,8600000,9390000,10200000,10900000,10800000,11400000,13100000,14400000,16400000,16200000,16900000,17900000,17500000,19100000,23900000,24800000,24400000,30400000,34100000,37500000,41700000,50300000,52900000,62100000,
Colombia,,,,,,,,,,,,573000,628000,683000,761000,765000,791000,899000,1040000,1140000,1230000,1230000,1300000,1310000,1470000,1580000,1830000,1990000,2100000,2290000,2360000,2380000,1920000,2400000,2760000,2770000,3050000,2710000,2650000,2900000,2760000,2730000,2920000,3110000,3450000,3420000,3680000,3820000,3990000,3530000,3470000,
"Congo, Dem. Rep.",,,,,,,,,,,,296000,296000,324000,292000,319000,345000,350000,344000,341000,365000,359000,355000,385000,404000,432000,452000,451000,451000,595000,484000,452000,521000,475000,455000,530000,524000,432000,405000,456000,516000,514000,525000,530000,609000,635000,647000,672000,643000,670000,675000,
"Congo, Rep.",,,,,,,,,,,,4640,5680,4300,4730,4990,5420,4130,946,6620,8600,8860,15000,20000,21600,25000,23000,23900,24900,34100,42100,41300,36500,30900,27700,30300,39200,38800,29400,8170,25400,28700,34100,29400,28400,30500,32000,28800,32200,28400,37000,
Costa Rica,,,,,,,,,,,,88400,94400,97300,107000,111000,125000,115000,127000,140000,182000,197000,205000,240000,258000,237000,249000,258000,262000,286000,291000,314000,308000,338000,339000,306000,328000,413000,369000,442000,489000,469000,513000,518000,573000,565000,568000,582000,635000,621000,625000,
Cote d'Ivoire,,,,,,,,,,,,12000,19400,14500,23800,32900,29600,19100,14400,62800,116000,149000,149000,83900,32100,117000,103000,90500,107000,137000,114000,108000,90100,94500,101000,153000,153000,162000,118000,151000,152000,155000,149000,158000,150000,124000,130000,155000,163000,183000,139000,
Croatia,,,,,,,,,,,,,,,,,,,,,,,,,,,,,,,327000,496000,373000,374000,424000,453000,622000,455000,469000,567000,505000,563000,461000,419000,598000,545000,516000,364000,449000,579000,716000,
Cuba,,,,,,,,,,,,9460,6360,5330,7650,5420,4560,6280,7140,8940,8340,5160,3700,5420,6020,4640,5070,3780,6280,7050,7830,9030,6970,7050,4210,6360,8170,11200,8340,8860,7650,6450,9110,11000,7570,5850,8080,10400,11900,13000,8340,
Czech Republic,,,,,,,,,,,,104000,109000,93000,156000,156000,124000,169000,157000,197000,206000,177000,144000,142000,112000,144000,161000,212000,181000,141000,99800,93600,121000,118000,126000,172000,169000,146000,120000,145000,151000,177000,214000,119000,174000,205000,219000,180000,174000,209000,240000,184000
Denmark,2150,2240,2240,2150,2150,2150,2240,2150,1810,1890,2060,2060,2060,2060,2060,2060,2060,1890,1980,2150,2580,2840,2670,2920,2580,2580,2490,2490,2840,1980,2410,2150,2410,2410,2840,2580,1630,1630,2320,2670,2580,2410,2750,1810,2320,1980,1980,2410,2240,1630,1810,1460
Dominican Republic,,,,,,,,,,,,46100,49500,45600,43200,36700,67200,39200,64000,71200,48000,118000,72100,80800,99100,98400,119000,132000,142000,40800,30000,43600,45800,97100,45800,51900,74200,57200,63000,94500,65500,59900,74900,103000,138000,164000,151000,146000,119000,146000,154000,
Ecuador,,,,,,,,,,,,37800,38300,37400,43000,54000,52000,48000,68000,61000,75000,67000,77000,148000,278000,282000,345000,393000,415000,426000,429000,436000,428000,500000,565000,444000,546000,562000,559000,617000,654000,608000,647000,618000,637000,592000,613000,777000,971000,793000,743000,
Egypt,,,,,,,,,,,,433000,444000,443000,526000,584000,688000,777000,801000,818000,843000,878000,901000,844000,828000,745000,798000,745000,774000,858000,854000,851000,834000,902000,943000,981000,994000,1030000,1050000,1260000,1180000,1300000,1110000,1120000,1090000,1090000,1110000,1330000,1260000,1110000,1120000,
El Salvador,,,,,,,,,,,,44900,38000,42300,48300,24600,16900,35300,57300,88700,81300,47000,38900,69100,74700,101000,106000,97500,112000,123000,142000,109000,122000,131000,125000,127000,162000,123000,135000,152000,101000,100000,97900,126000,119000,144000,169000,150000,175000,129000,179000,
Estonia,,,,,,,,,,,,,,,,,,,,,,,,,,,,,,,,,86,86,258,172,172,258,344,344,430,602,516,1120,1890,1890,1200,1810,2410,2750,2320,2580
Ethiopia,,,,,,,,,,,,26100,26800,28600,29900,30000,31200,32200,34900,37800,41600,43600,49900,54200,59300,58000,61700,62000,61200,62000,91300,93000,99000,109000,116000,123000,130000,135000,136000,138000,142000,171000,174000,196000,217000,244000,280000,291000,283000,303000,424000,
Finland,453000,690000,840000,720000,717000,804000,893000,1000000,902000,752000,796000,914000,888000,904000,1090000,1050000,811000,1040000,838000,935000,878000,1170000,1130000,1170000,1140000,1060000,1070000,1190000,1150000,1120000,934000,1140000,1300000,1160000,1010000,1110000,1020000,1050000,1290000,1100000,1260000,1140000,927000,825000,1300000,1190000,988000,1220000,1470000,1090000,1110000,1070000
France,3520000,3330000,3120000,3780000,3030000,4030000,4490000,3900000,4340000,4550000,4870000,4200000,4200000,4100000,4830000,5170000,4180000,6560000,5880000,5710000,5980000,6210000,6070000,5970000,5650000,5320000,5370000,6060000,6580000,4010000,4630000,4950000,5930000,5580000,6780000,6270000,5680000,5490000,5340000,6240000,5770000,6420000,5210000,5090000,5150000,4450000,4830000,4980000,5470000,4920000,5330000,3880000
Gabon,,,,,,,,,,,,,430,430,8600,12300,13900,25900,25500,26700,22400,35400,41900,47000,52500,57400,59600,60000,61000,58000,60600,60800,61200,61100,64100,68000,66200,69600,69800,71500,69100,75500,79400,77400,76800,69800,81300,68900,76900,76200,69600,
Georgia,,,,,,,,,,,,,,,,,,,,,,,,,,,,,,,652000,638000,559000,568000,582000,447000,516000,520000,548000,554000,504000,477000,582000,561000,520000,536000,457000,586000,616000,637000,805000,
Germany,1040000,1030000,981000,963000,952000,1230000,1360000,1320000,1340000,1130000,1510000,1160000,1140000,1310000,1520000,1470000,1190000,1510000,1580000,1580000,1640000,1710000,1700000,1610000,1590000,1490000,1600000,1750000,1730000,1570000,1500000,1280000,1500000,1540000,1710000,1870000,1890000,1490000,1480000,1690000,1870000,1960000,1990000,1660000,1810000,1680000,1710000,1800000,1800000,1600000,1760000,1580000
Ghana,,,,,,,,,,,,250000,286000,333000,351000,340000,359000,378000,320000,398000,454000,459000,425000,219000,155000,257000,376000,402000,413000,450000,492000,525000,568000,541000,523000,524000,570000,589000,329000,445000,568000,568000,433000,334000,454000,484000,483000,321000,533000,591000,602000,
Greece,40000,50000,55600,72800,67900,68900,149000,143000,118000,177000,227000,228000,230000,191000,202000,173000,162000,165000,257000,307000,293000,293000,306000,201000,246000,241000,278000,239000,203000,163000,152000,267000,189000,196000,224000,303000,374000,334000,320000,395000,318000,180000,241000,410000,402000,431000,504000,223000,285000,462000,641000,329000
Guatemala,,,,,,,,,,,,22400,19200,20000,21600,24400,26900,20100,24300,23700,20100,24800,34200,56600,42700,47600,119000,118000,127000,144000,148000,148000,124000,132000,141000,163000,161000,159000,179000,197000,217000,189000,168000,159000,266000,327000,306000,278000,317000,216000,283000,
Haiti,,,,,,,,,,,,2320,6790,7220,10800,14800,14600,13200,16300,16700,18900,21400,20800,16900,17200,18600,27300,27500,33700,34900,39300,28600,27600,23600,20000,21800,23400,17200,26300,34800,24300,24300,22400,21900,22400,22800,23300,13200,15600,17800,15200,
Honduras,,,,,,,,,,,,20800,26100,30900,34400,36100,37200,40300,55600,63700,67200,70600,72700,71500,75200,112000,123000,150000,163000,172000,196000,199000,189000,194000,156000,144000,175000,179000,165000,184000,194000,164000,139000,150000,121000,148000,178000,190000,197000,241000,255000,
Hungary,,,,,,6450,8600,7050,7650,8170,7570,8260,9460,8680,6970,14000,14200,12800,11900,12600,9630,14500,13700,13300,15600,13300,13200,14500,14500,13600,15300,16700,13600,14300,13800,14000,17800,18600,13300,15600,15300,16000,16700,14700,17600,17400,16000,18100,18300,19600,16200,19100
Iceland,45200,49800,51300,54300,56400,55400,54200,57500,59400,74300,123000,134000,148000,190000,197000,192000,204000,219000,227000,245000,265000,268000,296000,312000,325000,319000,334000,340000,362000,366000,362000,362000,371000,384000,388000,403000,410000,448000,483000,520000,547000,566000,600000,610000,613000,604000,627000,722000,1070000,1060000,1080000,1080000
India,,,,,,,,,,,,2410000,2340000,2490000,2400000,2860000,3000000,3270000,4060000,3910000,4000000,4260000,4160000,4300000,4640000,4390000,4630000,4080000,4980000,5340000,6160000,6260000,6010000,6060000,7110000,6240000,5930000,6420000,7140000,6950000,6400000,6340000,5510000,6480000,7290000,8750000,9780000,10400000,9480000,8960000,9840000,
Indonesia,,,,,,,,,,,,66500,56800,88600,94100,103000,93900,95500,119000,123000,116000,140000,113000,156000,182000,257000,433000,383000,454000,575000,491000,570000,758000,678000,525000,648000,702000,439000,832000,808000,861000,1000000,854000,782000,832000,922000,827000,970000,991000,979000,1520000,
Iran,,,,,,,,,,,,230000,303000,244000,294000,296000,342000,362000,537000,466000,483000,536000,554000,533000,494000,477000,646000,721000,629000,647000,523000,607000,819000,845000,640000,627000,636000,596000,605000,425000,314000,435000,692000,954000,914000,1380000,1570000,1550000,430000,622000,819000,
Iraq,,,,,,,,,,,,17200,17200,24900,34400,39600,39500,48700,60900,88700,59300,52500,51600,51600,52500,52500,51600,224000,224000,224000,224000,77400,60200,51600,48200,49000,49000,50000,51000,52000,52500,53100,44500,37200,42400,516000,524000,493000,300000,278000,410000,
Ireland,80100,63500,56700,56300,67400,80900,73300,68500,66300,50100,69000,40100,58600,55400,67600,44800,51100,64400,60000,71000,72100,74100,69000,67400,59200,71600,79000,58600,75000,59500,59900,64100,70300,65800,79100,61300,62100,58300,78800,72700,72700,51300,78400,51400,54200,54300,62300,57400,83300,77600,51500,60800
Israel,,,,,,,,,,,,,,,,,,,,,,172,172,86,172,172,516,860,860,258,258,516,2490,2240,1980,2150,2060,2150,2150,2840,2670,860,1810,2670,2410,2410,1290,1200,1380,1890,2490,2410
Italy,3940000,3590000,3350000,3940000,3350000,3670000,3760000,3640000,3670000,3540000,3470000,3360000,3560000,3230000,3250000,3530000,3370000,4400000,3910000,3950000,3890000,3700000,3570000,3560000,3650000,3530000,3530000,3400000,3500000,2930000,2720000,3630000,3630000,3560000,3840000,3250000,3620000,3580000,3540000,3900000,3800000,4030000,3400000,3150000,3640000,3100000,3180000,2820000,3580000,4230000,4400000,3990000
Jamaica,,,,,,,,,,,,10800,12100,8510,10500,11300,9460,9370,9890,9890,10300,10800,11600,12900,12900,12900,12900,10800,8680,10900,7570,8260,7480,6190,7650,8260,8770,9460,9800,9970,9890,5160,8080,10100,11500,13100,14300,13800,13600,12000,13100,
Japan,5030000,5850000,5370000,5930000,5910000,6540000,6820000,5890000,6320000,6480000,6480000,7240000,7320000,5740000,7110000,7170000,7190000,6270000,6020000,6940000,7590000,7530000,7020000,7250000,6160000,7130000,6950000,6430000,7760000,7890000,7680000,8380000,7100000,8220000,5780000,7060000,6920000,7720000,7960000,7430000,7500000,7240000,7080000,8140000,8090000,6580000,7530000,6360000,6570000,6610000,7070000,7170000
Jordan,,,,,,,,,,,,,,,,,,,,,,,,,,,258,1630,2320,1460,946,602,1290,1890,1200,1550,1890,1460,1120,1200,3350,3700,4560,3530,4560,4900,4390,5250,5330,5070,5250,
Kazakhstan,,,,,,,,,,,,,,,,,,,,,,,,,,,,,,,633000,619000,590000,656000,789000,716000,630000,559000,528000,527000,648000,695000,764000,742000,693000,676000,668000,703000,641000,592000,690000,
Kenya,,,,,,,,,,,,29200,34500,35100,47000,55800,50100,64400,92300,113000,91100,122000,128000,150000,148000,173000,145000,164000,200000,212000,213000,238000,240000,257000,264000,272000,288000,280000,282000,209000,114000,207000,268000,280000,247000,260000,282000,300000,245000,187000,295000,
Kyrgyz Republic,,,,,,,,,,,,,,,,,,,,,,,,,,,,,,,859000,865000,791000,781000,1010000,956000,1050000,940000,855000,1040000,1180000,1070000,928000,1160000,1210000,1230000,1280000,1200000,924000,852000,888000,
Latvia,,,,,,,,,,,,,,,,,,,,,,,,,,,,,,,387000,282000,217000,247000,284000,253000,160000,254000,371000,237000,242000,244000,212000,195000,267000,286000,232000,235000,267000,297000,303000,
Lebanon,,,,,,,,,,,,72100,69400,41100,70500,68800,68800,68800,68800,73100,73100,73100,55900,48200,50300,50300,48200,52500,51600,43000,43000,48200,61900,60900,70300,61700,68600,77500,67500,28600,38600,28600,58300,117000,96300,89900,59800,50300,32100,53500,72100,
Lithuania,,,,,,,,,,,,,,,,,,,,,,,,,,,,,,,35600,29100,26700,33800,38900,32100,28000,25500,35900,35700,29200,28000,30400,27900,36200,38800,34100,36200,34600,36500,46400,
Luxembourg,1720,4900,3870,172,6450,8510,7740,8340,8430,7310,8260,4730,5590,4040,7140,6110,3960,6970,6790,7830,8430,9290,8170,7910,7910,7480,8600,9540,9460,7310,6020,7220,6020,5760,7400,7570,5160,7140,9890,7310,10700,10200,8510,6790,8940,8080,9540,10100,11400,9110,9290,5250
Malaysia,,,,,,,,,,,,89900,99200,95300,86500,86400,81500,66100,77000,94000,120000,133000,128000,149000,294000,321000,351000,423000,488000,451000,343000,379000,375000,419000,561000,535000,446000,333000,418000,647000,599000,607000,456000,435000,501000,446000,554000,558000,642000,598000,557000,
Mexico,,,,,,,,,,,,1240000,1320000,1390000,1440000,1300000,1480000,1650000,1400000,1550000,1450000,2120000,1970000,1780000,2030000,2260000,1720000,1580000,1790000,2090000,2020000,1880000,2250000,2260000,1720000,2370000,2700000,2270000,2120000,2820000,2850000,2450000,2150000,1710000,2170000,2380000,2610000,2350000,3370000,2300000,3190000,3080000
Moldova,,,,,,,,,,,,,,,,,,,,,,,,,,,,,,,22100,30000,22300,32200,23900,27900,31500,32900,7220,7830,4990,6280,10400,5500,5070,5420,6620,2840,7050,4730,6790,
Montenegro,,,,,,,,,,,,,,,,,,,,,,,,,,,,,,,,,,,,,,,,,,,,,,160000,151000,110000,132000,178000,237000,
Morocco,,,,,,,,,,,,131000,137000,103000,115000,87400,85800,117000,122000,136000,130000,88100,49200,41400,31500,41800,55300,70900,80500,99500,105000,105000,82900,38100,72200,52500,168000,179000,153000,70900,61700,74900,73100,125000,138000,84200,85800,78700,79900,221000,298000,
Mozambique,,,,,,,,,,,,19300,18300,16400,57400,44900,52500,53600,69100,36500,25900,4900,21800,20300,21000,32200,14900,15500,14300,24400,24400,27800,27900,29600,31500,32600,38600,84000,588000,661000,830000,1020000,1090000,935000,1000000,1140000,1270000,1380000,1300000,1460000,1430000,
Myanmar,,,,,,,,,,,,41000,47000,49500,48800,48800,54900,61700,63300,66200,68400,74000,79700,85400,86900,86200,89600,88100,80400,107000,103000,107000,131000,147000,139000,140000,142000,145000,81600,89300,163000,157000,182000,178000,207000,258000,286000,311000,350000,452000,439000,
Namibia,,,,,,,,,,,,,,,,,,,,,,,,,,,,,,,,114000,98800,83200,57800,97500,73400,52500,85300,101000,114000,119000,118000,134000,137000,133000,119000,135000,122000,123000,109000,
Nepal,,,,,,,,,,,,5760,7220,6970,8260,6450,11100,12000,13200,14600,17500,20900,27400,30600,32900,36700,46400,48000,48300,61500,75400,77400,72100,74900,79900,99700,102000,91300,97300,121000,140000,159000,182000,195000,207000,216000,235000,239000,241000,267000,276000,
Netherlands,,,,,,,,,,,,,,,,,,,,,,,,,,258,258,86,172,3180,7310,8940,10300,7910,8600,7570,6880,7910,9630,7740,12200,10100,9460,6190,8170,7570,9110,9200,8770,8430,9030,4900
New Zealand,479000,517000,589000,595000,673000,746000,812000,866000,900000,885000,979000,1130000,1230000,1230000,1220000,1450000,1280000,1260000,1390000,1610000,1630000,1680000,1550000,1740000,1730000,1690000,1870000,1900000,1990000,1910000,1990000,1970000,1810000,2020000,2220000,2370000,2250000,2000000,2180000,1970000,2100000,1860000,2140000,2030000,2320000,2010000,2030000,2030000,1920000,2080000,2130000,2160000
Nicaragua,,,,,,,,,,,,17500,31600,31900,35100,35200,37800,23200,27900,37900,44200,42600,36500,21700,20200,22700,25200,34500,33300,46000,34700,29000,22100,41500,32900,35000,37100,35000,25500,33800,18100,16900,26100,25500,27600,37200,26500,26300,45900,25500,43300,
Nigeria,,,,,,,,,,,,135000,124000,160000,171000,206000,250000,248000,200000,284000,239000,206000,213000,171000,229000,266000,312000,282000,345000,356000,377000,510000,521000,479000,478000,473000,473000,481000,497000,529000,484000,508000,708000,640000,697000,668000,539000,535000,492000,389000,548000,
North Korea,,,,,,,,,,,,788000,801000,815000,829000,843000,856000,870000,884000,898000,911000,925000,939000,953000,967000,1060000,1120000,1170000,1290000,1290000,1340000,1290000,1220000,1140000,1190000,1220000,1080000,920000,877000,886000,877000,911000,913000,1010000,1080000,1130000,1090000,1140000,1210000,1070000,1150000,
North Macedonia,,,,,,,,,,,,,,,,,,,,,,,,,,,,,,,42200,72900,72900,44900,59800,68900,73100,77400,93100,119000,101000,53800,65100,118000,127000,128000,142000,86800,72200,109000,209000,
Norway,2690000,2900000,3270000,3420000,3810000,4250000,4190000,4580000,5180000,4930000,4970000,5440000,5800000,6270000,6590000,6650000,7050000,6190000,6940000,7630000,7190000,7980000,7950000,9090000,9110000,8800000,8270000,8880000,9360000,10200000,10400000,9470000,10000000,10300000,9600000,10500000,8930000,9440000,9950000,10400000,12200000,10400000,11100000,9070000,9350000,11700000,10300000,11500000,12000000,10800000,10100000,10400000
Pakistan,,,,,,,,,,,,316000,316000,375000,356000,375000,467000,446000,640000,708000,749000,778000,819000,977000,1100000,1050000,1190000,1310000,1440000,1460000,1460000,1570000,1820000,1670000,1970000,2000000,1790000,1900000,1930000,1660000,1480000,1630000,1920000,2320000,2210000,2650000,2750000,2470000,2390000,2420000,2740000,
Panama,,,,,,,,,,,,7140,7140,8770,9110,8430,11900,29300,61800,69100,82900,115000,92400,74500,128000,166000,180000,175000,189000,188000,190000,175000,163000,197000,206000,208000,258000,250000,184000,269000,294000,215000,292000,243000,325000,320000,308000,315000,342000,335000,361000,
Paraguay,,,,,,,,,,,,14100,16500,26000,38000,45200,45600,30300,21300,38200,56700,59600,55600,67500,88100,346000,1020000,1590000,1710000,2090000,2340000,2520000,2330000,2700000,3130000,3620000,3850000,4370000,4370000,4460000,4600000,3900000,4150000,4450000,4470000,4400000,4630000,4620000,4770000,4730000,4650000,
Peru,,,,,,,,,,,,369000,381000,410000,449000,470000,498000,518000,532000,576000,603000,688000,722000,697000,748000,807000,865000,935000,896000,903000,900000,988000,833000,1020000,1100000,1100000,1150000,1140000,1190000,1250000,1390000,1510000,1550000,1590000,1510000,1560000,1690000,1680000,1650000,1690000,1720000,
Philippines,,,,,,,,,,,,,,161000,203000,194000,240000,189000,241000,247000,303000,320000,324000,341000,454000,478000,517000,451000,539000,558000,521000,442000,382000,433000,504000,536000,605000,522000,436000,674000,671000,611000,605000,677000,739000,721000,855000,736000,846000,842000,671000,
Poland,54300,51900,64800,55600,60600,77000,77000,82300,86400,69700,152000,135000,129000,125000,183000,171000,141000,168000,168000,155000,202000,184000,133000,144000,121000,159000,133000,143000,154000,138000,122000,123000,130000,128000,149000,162000,166000,169000,199000,185000,181000,200000,196000,144000,179000,189000,176000,202000,185000,204000,251000,200000
Portugal,268000,296000,304000,346000,366000,342000,454000,471000,446000,543000,499000,531000,609000,630000,673000,551000,412000,857000,930000,964000,689000,432000,595000,690000,840000,919000,732000,787000,1050000,500000,787000,778000,400000,734000,916000,717000,1270000,1130000,1120000,627000,974000,1210000,671000,1350000,849000,407000,946000,868000,585000,712000,1390000,993000
Romania,,,,,,,,,,,,387000,631000,649000,729000,805000,697000,804000,913000,975000,1090000,1100000,1020000,863000,974000,1090000,930000,964000,1270000,1180000,981000,1250000,1010000,1100000,1120000,1440000,1360000,1510000,1620000,1570000,1270000,1280000,1380000,1140000,1420000,1740000,1580000,1370000,1480000,1340000,1680000,
Russia,,,,,,,,,,,,,,,,,,,,,,,,,,,,,,,14300000,14400000,14800000,14900000,15100000,15100000,13200000,13500000,13600000,13800000,14100000,15000000,14000000,13400000,15100000,14900000,14900000,15200000,14200000,15000000,14300000,
Senegal,,,,,,,,,,,,,,,,,,,,,,,,,,,,,,,,,,,,,,,,,,,16700,29000,25200,23000,20100,15600,19700,20600,21400,
Serbia,,,,,,,,,,,,,,,,,,,,,,,,,,,,,,,814000,981000,975000,903000,903000,1050000,1240000,1100000,1110000,1180000,1030000,1070000,1010000,847000,956000,1040000,943000,863000,822000,906000,1020000,
Slovak Republic,,,,,,,,,,,,127000,133000,114000,191000,172000,174000,207000,194000,162000,194000,169000,148000,158000,134000,182000,144000,166000,151000,169000,162000,121000,167000,298000,375000,420000,364000,349000,367000,385000,397000,424000,453000,299000,353000,399000,378000,383000,347000,376000,452000,317000
Slovenia,,,,,,,,,,,,,,,,,,,,,,,,,,,,,,,254000,310000,294000,261000,292000,280000,316000,266000,297000,322000,330000,326000,285000,254000,352000,298000,309000,281000,346000,405000,388000,306000
South Africa,,,,,,,,,,,,9630,71700,84700,97300,96300,161000,167000,164000,98400,85300,142000,87400,51200,48200,53700,140000,139000,272000,237000,86800,170000,64700,12600,92400,45500,113000,180000,137000,62400,94700,171000,205000,60300,81700,115000,249000,79900,108000,125000,184000,
South Korea,,,,,,,,,,,,114000,118000,110000,164000,145000,154000,120000,156000,200000,171000,233000,172000,234000,206000,315000,346000,460000,307000,395000,547000,300000,266000,364000,202000,237000,208000,242000,368000,358000,345000,357000,278000,422000,372000,316000,298000,312000,264000,242000,317000,406000
Spain,1340000,1370000,1380000,1820000,1780000,1690000,2340000,1950000,2100000,2630000,2390000,2740000,3050000,2490000,2630000,2240000,1800000,3410000,3460000,3990000,2540000,1890000,2260000,2330000,2710000,2690000,2280000,2360000,3030000,1660000,2190000,2350000,1630000,2100000,2420000,1990000,3420000,2990000,2920000,1970000,2540000,3530000,1970000,3530000,2720000,1540000,2230000,2340000,2020000,2260000,3640000,2630000
Sri Lanka,,,,,,,,,,,,71700,73600,60900,86100,94800,97500,107000,118000,126000,127000,135000,138000,105000,180000,206000,227000,187000,223000,241000,270000,268000,249000,326000,352000,383000,280000,296000,337000,359000,275000,267000,232000,283000,255000,297000,399000,339000,355000,336000,484000,
Sudan,,,,,,,,,,,,21100,31400,36700,39900,43100,48500,45600,46900,51200,49200,50600,54300,56200,59800,63400,75000,77300,76700,77000,82400,89300,93600,93800,96400,83600,92400,90600,89700,104000,102000,109000,111000,100000,95200,108000,118000,125000,126000,278000,330000,
Sweden,2670000,3140000,3330000,3260000,3700000,3990000,3910000,4240000,4190000,3600000,3570000,4470000,4620000,5150000,4920000,4960000,4720000,4600000,4970000,5250000,5060000,5140000,4740000,5460000,5840000,6100000,5240000,6180000,6010000,6170000,6230000,5440000,6390000,6420000,5080000,5860000,4450000,5940000,6450000,6160000,6760000,6800000,5710000,4600000,5170000,6260000,5310000,5690000,5940000,5660000,5710000,5700000
Switzerland,1760000,1860000,1820000,1940000,1900000,2120000,2380000,2560000,2520000,2340000,2660000,2310000,2100000,2400000,2390000,2880000,2230000,3080000,2740000,2710000,2820000,3050000,3120000,3050000,2590000,2760000,2830000,2980000,3080000,2560000,2560000,2760000,2810000,3080000,3360000,3020000,2470000,2930000,2880000,3440000,3170000,3550000,3030000,2990000,2900000,2690000,2660000,3030000,3100000,3070000,3100000,2760000
Syria,,,,,,,,,,,,4390,5330,1460,28400,64500,106000,152000,180000,202000,220000,229000,254000,241000,286000,287000,246000,246000,242000,238000,235000,231000,227000,223000,219000,216000,219000,224000,232000,234000,278000,293000,211000,237000,359000,372000,339000,299000,247000,160000,223000,
Tajikistan,,,,,,,,,,,,,,,,,,,,,,,,,,,,,,,1420000,1410000,1370000,1470000,1440000,1260000,1280000,1180000,1220000,1330000,1210000,1220000,1300000,1410000,1410000,1460000,1440000,1470000,1360000,1360000,1360000,
Tanzania,,,,,,,,,,,,26600,27600,25500,25300,37100,43000,44700,44700,45100,58800,62200,62500,63500,67200,76100,88900,99000,108000,122000,133000,148000,142000,146000,129000,132000,150000,125000,179000,186000,184000,224000,234000,219000,203000,153000,124000,216000,228000,226000,221000,
Thailand,,,,,,,,,,,,176000,149000,162000,211000,292000,313000,281000,181000,281000,110000,256000,330000,315000,351000,317000,478000,350000,325000,479000,428000,394000,364000,318000,388000,577000,631000,619000,445000,304000,518000,542000,642000,628000,519000,499000,699000,698000,612000,615000,476000,
Togo,,,,,,,,,,,,6540,4900,3270,6540,8170,6540,13100,14700,3270,3270,3270,4900,1630,3270,6540,6540,6540,6540,8170,8170,16600,11000,19800,12700,21900,16300,8000,14800,8860,8600,4210,7400,10500,6970,6360,7830,7910,7830,8080,8340,
Tunisia,,,,,,,,,,,,4470,4640,6280,1890,2750,4640,2670,2490,3610,2060,2580,3270,2490,5680,9800,4640,10200,4210,3100,3960,9460,5850,5500,3440,3350,5760,3780,6190,7740,5500,4640,5500,14300,13200,12500,7910,4210,2580,6790,4300,
Turkey,86200,109000,96700,181000,142000,187000,201000,205000,273000,296000,261000,224000,276000,224000,289000,508000,720000,737000,803000,885000,976000,1090000,1220000,975000,1150000,1040000,1020000,1600000,2490000,1540000,1990000,1950000,2280000,2920000,2630000,3060000,3480000,3420000,3630000,2980000,2660000,2060000,2900000,3040000,3960000,3400000,3800000,3080000,2860000,3090000,4450000,4480000
Turkmenistan,,,,,,,,,,,,,,,,,,,,,,,,,,,,,,,60200,60200,344,430,344,344,430,430,516,430,430,258,258,258,258,258,258,258,258,258,258,
Ukraine,,,,,,,,,,,,,,,,,,,,,,,,,,,,,,,904000,1010000,678000,949000,1040000,856000,742000,848000,1350000,1230000,969000,1040000,828000,794000,1010000,1060000,1110000,872000,979000,1030000,1130000,
United Kingdom,271000,334000,326000,284000,308000,359000,345000,377000,306000,276000,386000,289000,292000,332000,350000,323000,317000,333000,344000,365000,335000,374000,390000,391000,343000,352000,410000,356000,424000,408000,448000,398000,467000,370000,438000,416000,292000,359000,440000,459000,437000,349000,412000,278000,416000,423000,395000,438000,444000,453000,310000,490000
United States,12700000,13200000,14700000,14400000,15400000,16900000,16900000,19300000,19300000,21700000,21500000,22700000,23300000,22800000,26200000,26100000,24600000,19100000,24400000,24300000,24000000,22600000,26900000,28800000,27900000,24400000,25300000,20400000,17900000,22000000,23500000,24800000,21900000,24400000,22600000,27000000,30200000,28700000,25500000,23900000,21800000,16200000,23000000,24000000,23300000,23400000,25100000,21500000,22100000,23700000,22600000,28200000
Uruguay,,,,,,,,,,,,126000,85600,134000,118000,97400,105000,135000,140000,112000,299000,332000,431000,618000,611000,555000,627000,625000,466000,336000,603000,526000,681000,628000,642000,504000,496000,558000,787000,473000,606000,791000,820000,733000,410000,575000,309000,694000,387000,452000,745000,
Uzbekistan,,,,,,,,,,,,,,,,,,,,,,,,,,,,,,,572000,519000,540000,633000,615000,532000,561000,497000,495000,489000,506000,512000,532000,655000,775000,742000,788000,550000,977000,802000,932000,
Venezuela,,,,,,,,,,,,464000,518000,535000,663000,768000,910000,1050000,1050000,1220000,1250000,1300000,1360000,1550000,1740000,1950000,2160000,2650000,2940000,2980000,3180000,3830000,4070000,4080000,4410000,4420000,4630000,4920000,4980000,5210000,5410000,5200000,5120000,5210000,6030000,6640000,7020000,7140000,7470000,7390000,6600000,
Vietnam,,,,,,,,,,,,52800,36300,36100,36100,43000,47900,51600,68800,86000,128000,130000,134000,105000,138000,127000,121000,119000,154000,330000,462000,543000,622000,685000,795000,910000,1030000,1000000,954000,1180000,1250000,1570000,1570000,1630000,1530000,1460000,1760000,1980000,2230000,2580000,2370000,
Zambia,,,,,,,,,,,,78100,267000,266000,504000,522000,607000,752000,684000,766000,791000,857000,893000,856000,829000,859000,834000,689000,710000,556000,684000,772000,560000,700000,696000,677000,612000,678000,648000,663000,666000,679000,697000,710000,727000,764000,846000,843000,831000,893000,969000,
Zimbabwe,,,,,,,,,,,,209000,308000,300000,412000,453000,491000,518000,477000,516000,345000,333000,304000,299000,261000,246000,204000,95300,237000,286000,376000,271000,272000,177000,180000,197000,186000,183000,166000,254000,280000,258000,329000,461000,475000,502000,368000,368000,302000,321000,349000,
