continent,country,year,coal,hydro,natural_gas,oil,electricity,total,co2_emission
Africa,Algeria,1990,659000.0,11600.0,44400000.0,57500000.0,1384350.8168529666,102570600.0,77000.0
Africa,Algeria,1991,680000.0,25200.0,47900000.0,57700000.0,1487532.2441960447,106305200.0,79000.0
Africa,Algeria,1992,808000.0,17100.0,49900000.0,56600000.0,1573516.7669819433,107325100.0,80100.0
Africa,Algeria,1993,658000.0,30400.0,50500000.0,56700000.0,1668099.7420464316,107888400.0,82200.0
Africa,Algeria,1994,620000.0,14300.0,46400000.0,56400000.0,1711092.003439381,103434300.0,86400.0
Africa,Algeria,1995,620000.0,16600.0,52900000.0,56600000.0,1693895.0988822011,110136600.0,95300.0
Africa,Algeria,1996,292000.0,11600.0,56100000.0,59300000.0,1779879.6216680997,115703600.0,97100.0
Africa,Algeria,1997,512000.0,6450.0,64400000.0,60300000.0,1848667.2398968185,125218450.0,87300.0
Africa,Algeria,1998,548000.0,18500.0,68900000.0,61800000.0,2003439.380911436,131266500.0,107000.0
Africa,Algeria,1999,587000.0,17500.0,77500000.0,63900000.0,2132416.165090284,142004500.0,92000.0
Africa,Algeria,2000,485000.0,4640.0,79000000.0,66800000.0,2184006.878761823,146289640.0,87900.0
Africa,Algeria,2001,560000.0,5930.0,74400000.0,65800000.0,2287188.3061049012,140765930.0,84200.0
Africa,Algeria,2002,735000.0,4900.0,76500000.0,70900000.0,2373172.8288907995,148139900.0,89900.0
Africa,Algeria,2003,606000.0,22800.0,80700000.0,79000000.0,2536543.422184007,160328800.0,91600.0
Africa,Algeria,2004,723000.0,21600.0,79200000.0,83600000.0,2682717.1109200343,163544600.0,88500.0
Africa,Algeria,2005,594000.0,47700.0,79400000.0,86400000.0,2914875.32244196,166441700.0,107000.0
Africa,Algeria,2006,882000.0,18700.0,76000000.0,86200000.0,3026655.2020636285,163100700.0,101000.0
Africa,Algeria,2007,757000.0,19400.0,76300000.0,86500000.0,3207222.6999140154,163576400.0,109000.0
Africa,Algeria,2008,757000.0,24300.0,77200000.0,85600000.0,3456577.8159931214,163581300.0,110000.0
Africa,Algeria,2009,486000.0,26300.0,71600000.0,77200000.0,3705932.932072227,149312300.0,121000.0
Africa,Algeria,2010,310000.0,15000.0,72400000.0,73800000.0,3929492.6913155634,146525000.0,119000.0
America,Argentina,1990,939000.0,1540000.0,17000000.0,25400000.0,4393809.114359415,44879000.0,112000.0
America,Argentina,1991,734000.0,1400000.0,18200000.0,25900000.0,4634565.778159931,46234000.0,117000.0
America,Argentina,1992,650000.0,1670000.0,18900000.0,29000000.0,4858125.537403268,50220000.0,121000.0
America,Argentina,1993,769000.0,2050000.0,18900000.0,31100000.0,5296646.60361135,52819000.0,118000.0
America,Argentina,1994,1080000.0,2350000.0,19600000.0,34500000.0,5631986.242476354,57530000.0,122000.0
America,Argentina,1995,971000.0,2310000.0,21600000.0,37500000.0,5915735.16766982,62381000.0,128000.0
America,Argentina,1996,913000.0,1970000.0,23800000.0,40800000.0,6268271.711092004,67483000.0,135000.0
America,Argentina,1997,846000.0,2410000.0,25000000.0,43400000.0,6672398.968185727,71656000.0,138000.0
America,Argentina,1998,731000.0,2270000.0,27000000.0,44000000.0,6904557.179707653,74001000.0,140000.0
America,Argentina,1999,736000.0,1840000.0,30800000.0,41700000.0,7411865.864144454,75076000.0,147000.0
America,Argentina,2000,614000.0,2470000.0,34300000.0,41400000.0,8116938.950988822,78784000.0,142000.0
America,Argentina,2001,665000.0,3180000.0,34200000.0,44000000.0,8185726.569217541,82045000.0,134000.0
America,Argentina,2002,561000.0,3080000.0,33700000.0,43300000.0,7764402.407566638,80641000.0,125000.0
America,Argentina,2003,681000.0,2910000.0,37600000.0,43200000.0,8392089.423903698,84391000.0,135000.0
America,Argentina,2004,1070000.0,2620000.0,40400000.0,41100000.0,9028374.892519347,85190000.0,158000.0
America,Argentina,2005,1130000.0,2920000.0,41100000.0,39400000.0,9544282.029234737,84550000.0,162000.0
America,Argentina,2006,1060000.0,3260000.0,41500000.0,39500000.0,9716251.074806536,85320000.0,175000.0
America,Argentina,2007,1220000.0,2610000.0,40300000.0,38300000.0,9888220.120378332,82430000.0,175000.0
America,Argentina,2008,1390000.0,2620000.0,39700000.0,37800000.0,11092003.439380912,81510000.0,189000.0
America,Argentina,2009,955000.0,2910000.0,37300000.0,34000000.0,11177987.96216681,75165000.0,180000.0
America,Argentina,2010,1270000.0,2890000.0,36100000.0,33300000.0,11435941.530524505,73560000.0,188000.0
Oceania,Australia,1990,38200000.0,1220000.0,17700000.0,30300000.0,13413585.554600172,87420000.0,264000.0
Oceania,Australia,1991,39000000.0,1360000.0,18800000.0,28600000.0,13585554.600171968,87760000.0,261000.0
Oceania,Australia,1992,39200000.0,1320000.0,20600000.0,28200000.0,13843508.168529665,89320000.0,268000.0
Oceania,Australia,1993,39500000.0,1420000.0,21400000.0,26300000.0,14187446.259673258,88620000.0,277000.0
Oceania,Australia,1994,40300000.0,1410000.0,24300000.0,28300000.0,14617368.873602752,94310000.0,278000.0
Oceania,Australia,1995,41600000.0,1370000.0,25500000.0,26700000.0,15047291.487532245,95170000.0,282000.0
Oceania,Australia,1996,43300000.0,1330000.0,25700000.0,28100000.0,15477214.101461736,98430000.0,302000.0
Oceania,Australia,1997,45500000.0,1420000.0,25700000.0,29800000.0,16251074.806534823,102420000.0,306000.0
Oceania,Australia,1998,47600000.0,1320000.0,26200000.0,28200000.0,17110920.03439381,103320000.0,317000.0
Oceania,Australia,1999,47800000.0,1390000.0,26600000.0,27500000.0,17798796.216680996,103290000.0,325000.0
Oceania,Australia,2000,48000000.0,1410000.0,27000000.0,37100000.0,18658641.444539983,113510000.0,329000.0
Oceania,Australia,2001,47500000.0,1420000.0,28300000.0,34300000.0,19260533.10404127,111520000.0,325000.0
Oceania,Australia,2002,48500000.0,1370000.0,28600000.0,34100000.0,19260533.10404127,112570000.0,341000.0
Oceania,Australia,2003,49900000.0,1400000.0,29300000.0,29500000.0,19432502.14961307,110100000.0,336000.0
Oceania,Australia,2004,52000000.0,1380000.0,31200000.0,25800000.0,19690455.717970766,110380000.0,343000.0
Oceania,Australia,2005,51700000.0,1310000.0,33200000.0,25300000.0,19862424.763542563,111510000.0,350000.0
Oceania,Australia,2006,53100000.0,1350000.0,35300000.0,23500000.0,20464316.42304385,113250000.0,365000.0
Oceania,Australia,2007,52700000.0,1230000.0,37100000.0,24500000.0,20894239.036973346,115530000.0,372000.0
Oceania,Australia,2008,54900000.0,1020000.0,36400000.0,24100000.0,21066208.082545143,116420000.0,386000.0
Oceania,Australia,2009,53100000.0,945000.0,41300000.0,22400000.0,21496130.696474634,117745000.0,395000.0
Oceania,Australia,2010,49400000.0,1070000.0,45400000.0,24500000.0,21582115.219260532,120370000.0,391000.0
Asia,Azerbaijan,1990,89000.0,60200.0,8060000.0,12500000.0,1994840.928632846,20709200.0,63900.0
Asia,Azerbaijan,1991,67000.0,151000.0,7000000.0,11800000.0,2012037.8331900258,19018000.0,61600.0
Asia,Azerbaijan,1992,12000.0,150000.0,6430000.0,11200000.0,1693895.0988822011,17792000.0,56200.0
Asia,Azerbaijan,1993,3000.0,206000.0,5540000.0,10300000.0,1642304.3852106621,16049000.0,48500.0
Asia,Azerbaijan,1994,4000.0,157000.0,5210000.0,9560000.0,1513327.6010318142,14931000.0,42000.0
Asia,Azerbaijan,1995,3000.0,134000.0,5380000.0,9160000.0,1461736.8873602753,14677000.0,33300.0
Asia,Azerbaijan,1996,3000.0,132000.0,5130000.0,9100000.0,1470335.339638865,14365000.0,31300.0
Asia,Azerbaijan,1997,3000.0,147000.0,4890000.0,9030000.0,1444539.9828030954,14070000.0,29800.0
Asia,Azerbaijan,1998,0.0,168000.0,4560000.0,11400000.0,1539122.9578675837,16128000.0,31700.0
Asia,Azerbaijan,1999,0.0,130000.0,4890000.0,13900000.0,1556319.8624247636,18920000.0,28600.0
Asia,Azerbaijan,2000,0.0,132000.0,4610000.0,14100000.0,1607910.5760963026,18842000.0,29500.0
Asia,Azerbaijan,2001,3000.0,112000.0,4520000.0,15000000.0,1633705.9329320723,19635000.0,28800.0
Asia,Azerbaijan,2002,2000.0,174000.0,4190000.0,15300000.0,1607910.5760963026,19666000.0,29600.0
Asia,Azerbaijan,2003,3000.0,212000.0,4180000.0,15400000.0,1831470.3353396389,19795000.0,30600.0
Asia,Azerbaijan,2004,920.0,237000.0,4070000.0,15500000.0,1865864.1444539982,19807920.0,32100.0
Asia,Azerbaijan,2005,3220.0,259000.0,4670000.0,22200000.0,1969045.5717970766,27132220.0,34300.0
Asia,Azerbaijan,2006,3220.0,217000.0,5510000.0,32300000.0,2106620.8082545144,38030220.0,39200.0
Asia,Azerbaijan,2007,1240.0,203000.0,8820000.0,42600000.0,1874462.596732588,51624240.0,30500.0
Asia,Azerbaijan,2008,6980.0,192000.0,13300000.0,44500000.0,1857265.6921754084,57998980.0,35500.0
Asia,Azerbaijan,2009,4120.0,199000.0,13300000.0,50400000.0,1625107.4806534825,63903120.0,31900.0
Asia,Azerbaijan,2010,526.0,296000.0,13600000.0,50800000.0,1607910.5760963026,64696526.0,30700.0
America,Brazil,1990,9600000.0,17800000.0,2750000.0,34100000.0,19174548.581255373,64250000.0,209000.0
America,Brazil,1991,11000000.0,18700000.0,2860000.0,33700000.0,20120378.331900258,66260000.0,219000.0
America,Brazil,1992,10700000.0,19200000.0,3240000.0,34200000.0,20808254.514187448,67340000.0,221000.0
America,Brazil,1993,11000000.0,20200000.0,3790000.0,34900000.0,21668099.74204643,69890000.0,231000.0
America,Brazil,1994,11300000.0,20900000.0,4140000.0,36200000.0,22355975.92433362,72540000.0,242000.0
America,Brazil,1995,11800000.0,21800000.0,4570000.0,37500000.0,23731728.288907997,75670000.0,258000.0
America,Brazil,1996,12200000.0,22900000.0,5000000.0,42500000.0,25021496.130696476,82600000.0,285000.0
America,Brazil,1997,12300000.0,24000000.0,5440000.0,45600000.0,26483233.01805675,87340000.0,301000.0
America,Brazil,1998,12000000.0,25100000.0,5700000.0,52700000.0,27687016.33705933,95500000.0,312000.0
America,Brazil,1999,12200000.0,25200000.0,6690000.0,59500000.0,28804815.13327601,103590000.0,320000.0
America,Brazil,2000,13000000.0,26200000.0,6740000.0,67100000.0,30008598.45227859,113040000.0,328000.0
America,Brazil,2001,12800000.0,23000000.0,6890000.0,70200000.0,28288907.99656062,112890000.0,337000.0
America,Brazil,2002,12400000.0,24600000.0,8320000.0,78600000.0,29750644.883920893,123920000.0,332000.0
America,Brazil,2003,12800000.0,26300000.0,9040000.0,81500000.0,31298366.294067066,129640000.0,322000.0
America,Brazil,2004,13500000.0,27600000.0,9940000.0,80900000.0,33276010.318142734,131940000.0,338000.0
America,Brazil,2005,13000000.0,29000000.0,9830000.0,89000000.0,34651762.68271711,140830000.0,347000.0
America,Brazil,2006,12800000.0,30000000.0,10000000.0,94000000.0,36027515.04729149,146800000.0,348000.0
America,Brazil,2007,13600000.0,32200000.0,10100000.0,95400000.0,38263112.63972485,151300000.0,363000.0
America,Brazil,2008,13800000.0,31800000.0,12600000.0,99100000.0,39810834.04987102,157300000.0,388000.0
America,Brazil,2009,11100000.0,33600000.0,10700000.0,106000000.0,40068787.61822872,161400000.0,367000.0
America,Brazil,2010,14500000.0,34700000.0,13100000.0,112000000.0,44368013.75752365,174300000.0,420000.0
America,Canada,1990,27100000.0,25500000.0,88900000.0,92800000.0,41100601.8916595,234300000.0,435000.0
America,Canada,1991,26300000.0,26500000.0,94700000.0,93200000.0,43250214.96130697,240700000.0,427000.0
America,Canada,1992,26800000.0,27200000.0,105000000.0,97200000.0,44282029.23473775,256200000.0,441000.0
America,Canada,1993,23800000.0,27800000.0,116000000.0,102000000.0,45141874.46259673,269600000.0,446000.0
America,Canada,1994,25200000.0,28400000.0,125000000.0,107000000.0,47119518.4866724,285600000.0,457000.0
America,Canada,1995,26300000.0,28900000.0,133000000.0,112000000.0,47377472.05503009,300200000.0,468000.0
America,Canada,1996,26900000.0,30600000.0,138000000.0,115000000.0,48667239.89681857,310500000.0,479000.0
America,Canada,1997,28100000.0,30200000.0,141000000.0,121000000.0,48925193.46517627,320300000.0,495000.0
America,Canada,1998,30100000.0,28500000.0,144000000.0,125000000.0,48065348.23731729,327600000.0,507000.0
America,Canada,1999,28900000.0,29700000.0,146000000.0,121000000.0,49269131.55631986,325600000.0,515000.0
America,Canada,2000,30600000.0,30800000.0,151000000.0,125000000.0,51504729.148753226,337400000.0,534000.0
America,Canada,2001,31800000.0,28700000.0,154000000.0,126000000.0,50042992.26139295,340500000.0,528000.0
America,Canada,2002,32000000.0,30100000.0,155000000.0,133000000.0,51160791.05760963,350100000.0,519000.0
America,Canada,2003,31900000.0,29000000.0,150000000.0,140000000.0,49871023.215821154,350900000.0,553000.0
America,Canada,2004,30000000.0,29300000.0,151000000.0,145000000.0,50472914.87532244,355300000.0,552000.0
America,Canada,2005,30100000.0,31300000.0,154000000.0,142000000.0,52708512.4677558,357400000.0,557000.0
America,Canada,2006,29200000.0,30300000.0,155000000.0,151000000.0,51762682.71711092,365500000.0,544000.0
America,Canada,2007,30300000.0,31600000.0,149000000.0,155000000.0,53826311.26397248,365900000.0,554000.0
America,Canada,2008,29400000.0,32200000.0,143000000.0,153000000.0,53998280.30954428,357600000.0,561000.0
America,Canada,2009,23500000.0,31700000.0,133000000.0,153000000.0,51934651.76268271,341200000.0,537000.0
America,Canada,2010,24800000.0,30200000.0,130000000.0,160000000.0,51332760.10318143,345000000.0,535000.0
Asia,China,1990,527000000.0,10900000.0,14200000.0,138000000.0,53396388.650042996,690100000.0,2440000.0
Asia,China,1991,553000000.0,10800000.0,14400000.0,141000000.0,58297506.44883921,719200000.0,2570000.0
Asia,China,1992,579000000.0,11400000.0,14700000.0,142000000.0,64832330.180567496,747100000.0,2690000.0
Asia,China,1993,617000000.0,13100000.0,15600000.0,144000000.0,69819432.50214961,789700000.0,2880000.0
Asia,China,1994,657000000.0,14400000.0,16300000.0,146000000.0,79793637.14531384,833700000.0,3060000.0
Asia,China,1995,665000000.0,16400000.0,16700000.0,149000000.0,86844368.01375753,847100000.0,3320000.0
Asia,China,1996,696000000.0,16200000.0,18700000.0,159000000.0,92863284.60877042,889900000.0,3460000.0
Asia,China,1997,682000000.0,16900000.0,21100000.0,160000000.0,98022355.97592433,880000000.0,3470000.0
Asia,China,1998,677000000.0,17900000.0,21600000.0,160000000.0,100601891.65950128,876500000.0,3320000.0
Asia,China,1999,696000000.0,17500000.0,23400000.0,160000000.0,106620808.25451419,896900000.0,3320000.0
Asia,China,2000,706000000.0,19100000.0,25300000.0,163000000.0,116938950.98882201,913400000.0,3410000.0
Asia,China,2001,743000000.0,23900000.0,28200000.0,165000000.0,127257093.72312984,960100000.0,3490000.0
Asia,China,2002,814000000.0,24800000.0,30400000.0,167000000.0,141874462.5967326,1036200000.0,3850000.0
Asia,China,2003,970000000.0,24400000.0,32600000.0,170000000.0,164230438.52106622,1197000000.0,4540000.0
Asia,China,2004,1130000000.0,30400000.0,38600000.0,174000000.0,189165950.1289768,1373000000.0,5230000.0
Asia,China,2005,1320000000.0,34100000.0,45900000.0,181000000.0,214961306.96474636,1581000000.0,5900000.0
Asia,China,2006,1450000000.0,37500000.0,54500000.0,185000000.0,246775580.3955288,1727000000.0,6530000.0
Asia,China,2007,1580000000.0,41700000.0,64500000.0,186000000.0,282029234.7377472,1872200000.0,7030000.0
Asia,China,2008,1610000000.0,50300000.0,74800000.0,190000000.0,300945829.75064486,1925100000.0,7550000.0
Asia,China,2009,1690000000.0,52900000.0,79400000.0,189000000.0,319002579.5356836,2011300000.0,8000000.0
Asia,China,2010,1750000000.0,62100000.0,89200000.0,203000000.0,361994840.92863286,2104300000.0,8780000.0
America,Colombia,1990,1600000.0,2360000.0,3370000.0,23400000.0,3284608.7704213243,30730000.0,57300.0
America,Colombia,1991,2010000.0,2380000.0,3340000.0,22600000.0,3447979.3637145315,30330000.0,57100.0
America,Colombia,1992,3360000.0,1920000.0,3420000.0,23300000.0,3147033.5339638866,32000000.0,62000.0
America,Colombia,1993,3520000.0,2400000.0,3350000.0,24000000.0,3585554.6001719693,33270000.0,64000.0
America,Colombia,1994,4030000.0,2760000.0,3460000.0,24100000.0,3869303.525365434,34350000.0,67600.0
America,Colombia,1995,3610000.0,2770000.0,3620000.0,31000000.0,4084264.832330181,41000000.0,59600.0
America,Colombia,1996,2800000.0,3050000.0,3910000.0,33400000.0,4161650.9028374893,43160000.0,60500.0
America,Colombia,1997,3310000.0,2710000.0,4880000.0,34800000.0,4290627.687016337,45700000.0,64900.0
America,Colombia,1998,3150000.0,2650000.0,5580000.0,40400000.0,4325021.4961306965,51780000.0,66000.0
America,Colombia,1999,2520000.0,2900000.0,4900000.0,43700000.0,4110060.1891659503,54020000.0,56500.0
America,Colombia,2000,2700000.0,2760000.0,5360000.0,36300000.0,4024075.6663800515,47120000.0,57900.0
America,Colombia,2001,2660000.0,2730000.0,5550000.0,31800000.0,4144453.9982803096,42740000.0,56300.0
America,Colombia,2002,2190000.0,2920000.0,5610000.0,30400000.0,4325021.4961306965,41120000.0,55700.0
America,Colombia,2003,2430000.0,3110000.0,5380000.0,28500000.0,4479793.637145313,39420000.0,57400.0
America,Colombia,2004,2120000.0,3450000.0,5740000.0,27900000.0,4625967.3258813415,39210000.0,55100.0
America,Colombia,2005,1340000.0,3420000.0,6030000.0,27700000.0,4806534.823731728,38490000.0,60900.0
America,Colombia,2006,3720000.0,3680000.0,6330000.0,27900000.0,5133276.010318142,41630000.0,62900.0
America,Colombia,2007,3230000.0,3820000.0,6790000.0,28000000.0,5253654.342218401,41840000.0,62400.0
America,Colombia,2008,4910000.0,3990000.0,8150000.0,31100000.0,5322441.96044712,48150000.0,68100.0
America,Colombia,2009,4000000.0,3530000.0,9460000.0,35300000.0,5485812.553740326,52290000.0,72700.0
America,Colombia,2010,4690000.0,3470000.0,10100000.0,41400000.0,5760963.026655202,59660000.0,76200.0
Europe,Denmark,1990,6090000.0,2410.0,2820000.0,5900000.0,2235597.592433362,14812410.0,50200.0
Europe,Denmark,1991,8260000.0,2150.0,3550000.0,6920000.0,3138435.0816852967,18732150.0,60300.0
Europe,Denmark,1992,6880000.0,2410.0,3690000.0,7670000.0,2639724.849527085,18242410.0,54300.0
Europe,Denmark,1993,7220000.0,2410.0,4050000.0,8190000.0,2923473.7747205505,19462410.0,57100.0
Europe,Denmark,1994,7760000.0,2840.0,4390000.0,9020000.0,3456577.8159931214,21172840.0,61000.0
Europe,Denmark,1995,6490000.0,2580.0,4760000.0,9060000.0,3155631.9862424764,20312580.0,57200.0
Europe,Denmark,1996,8920000.0,1630.0,5780000.0,10200000.0,4608770.421324162,24901630.0,72200.0
Europe,Denmark,1997,6630000.0,1630.0,7070000.0,11200000.0,3809114.3594153053,24901630.0,61600.0
Europe,Denmark,1998,5630000.0,2320.0,6810000.0,11600000.0,3533963.88650043,24042320.0,59600.0
Europe,Denmark,1999,4730000.0,2670.0,6980000.0,14600000.0,3344797.936371453,26312670.0,55100.0
Europe,Denmark,2000,3970000.0,2580.0,7340000.0,17700000.0,3095442.8202923476,29012580.0,51300.0
Europe,Denmark,2001,4200000.0,2410.0,7540000.0,17000000.0,3241616.5090283747,28742410.0,52900.0
Europe,Denmark,2002,4200000.0,2750.0,7540000.0,18100000.0,3379191.7454858124,29842750.0,52000.0
Europe,Denmark,2003,5730000.0,1810.0,7170000.0,17900000.0,3972484.9527085125,30801810.0,56000.0
Europe,Denmark,2004,4400000.0,2320.0,8490000.0,19100000.0,3473774.720550301,31992320.0,50600.0
Europe,Denmark,2005,3710000.0,1980.0,9380000.0,18500000.0,3112639.7248495272,31591980.0,47100.0
Europe,Denmark,2006,5630000.0,1980.0,9320000.0,16800000.0,3920894.2390369736,31751980.0,55000.0
Europe,Denmark,2007,4650000.0,2410.0,8270000.0,15200000.0,3379191.7454858124,28122410.0,50300.0
Europe,Denmark,2008,4100000.0,2240.0,9020000.0,14000000.0,3147033.5339638866,27122240.0,46900.0
Europe,Denmark,2009,4030000.0,1630.0,7530000.0,12900000.0,3129836.629406707,24461630.0,44500.0
Europe,Denmark,2010,3830000.0,1810.0,7340000.0,12200000.0,3344797.936371453,23371810.0,46600.0
Africa,Egypt,1990,759000.0,854000.0,7260000.0,45500000.0,3688736.027515047,54373000.0,75900.0
Africa,Egypt,1991,781000.0,851000.0,8170000.0,45400000.0,3860705.0730868443,55202000.0,78700.0
Africa,Egypt,1992,800000.0,834000.0,8840000.0,46000000.0,4015477.2141014617,56474000.0,81300.0
Africa,Egypt,1993,964000.0,902000.0,10200000.0,47500000.0,4153052.4505588994,59566000.0,93200.0
Africa,Egypt,1994,1040000.0,943000.0,10900000.0,46500000.0,4333619.948409286,59383000.0,85300.0
Africa,Egypt,1995,694000.0,981000.0,11300000.0,46600000.0,4591573.516766982,59575000.0,95700.0
Africa,Egypt,1996,954000.0,994000.0,12000000.0,45100000.0,4866723.989681858,59048000.0,102000.0
Africa,Egypt,1997,808000.0,1030000.0,12200000.0,43800000.0,5245055.889939811,57838000.0,108000.0
Africa,Egypt,1998,795000.0,1050000.0,12600000.0,43000000.0,5606190.885640585,57445000.0,122000.0
Africa,Egypt,1999,722000.0,1260000.0,15100000.0,41400000.0,6079105.760963026,58482000.0,125000.0
Africa,Egypt,2000,869000.0,1180000.0,18900000.0,38900000.0,6276870.163370593,59849000.0,141000.0
Africa,Egypt,2001,765000.0,1300000.0,22700000.0,37600000.0,6895958.727429063,62365000.0,125000.0
Africa,Egypt,2002,820000.0,1110000.0,24600000.0,37200000.0,7368873.602751505,63730000.0,127000.0
Africa,Egypt,2003,851000.0,1120000.0,27100000.0,37100000.0,7867583.834909717,66171000.0,148000.0
Africa,Egypt,2004,870000.0,1090000.0,29700000.0,34800000.0,8366294.067067928,66460000.0,151000.0
Africa,Egypt,2005,851000.0,1090000.0,38300000.0,33200000.0,8942390.369733447,73441000.0,167000.0
Africa,Egypt,2006,851000.0,1110000.0,49200000.0,33200000.0,9544282.029234737,84361000.0,179000.0
Africa,Egypt,2007,774000.0,1330000.0,50100000.0,33800000.0,10232158.211521925,86004000.0,189000.0
Africa,Egypt,2008,696000.0,1260000.0,53100000.0,34700000.0,11006018.916595014,89756000.0,199000.0
Africa,Egypt,2009,619000.0,1110000.0,56400000.0,35300000.0,11435941.530524505,93429000.0,207000.0
Africa,Egypt,2010,464000.0,1120000.0,55200000.0,35000000.0,12295786.75838349,91784000.0,203000.0
Asia,India,1990,110000000.0,6160000.0,10800000.0,34200000.0,24763542.56233878,161160000.0,619000.0
Asia,India,1991,117000000.0,6260000.0,12100000.0,32200000.0,27515047.291487534,167560000.0,658000.0
Asia,India,1992,124000000.0,6010000.0,13500000.0,29200000.0,28976784.17884781,172710000.0,699000.0
Asia,India,1993,128000000.0,6060000.0,13700000.0,27900000.0,31126397.24849527,175660000.0,724000.0
Asia,India,1994,132000000.0,7110000.0,14800000.0,32400000.0,33361994.840928633,186310000.0,765000.0
Asia,India,1995,140000000.0,6240000.0,16900000.0,36600000.0,36715391.229578674,199740000.0,812000.0
Asia,India,1996,144000000.0,5930000.0,18500000.0,34800000.0,38091143.594153054,203230000.0,882000.0
Asia,India,1997,151000000.0,6420000.0,20100000.0,35600000.0,40326741.18658642,213120000.0,918000.0
Asia,India,1998,156000000.0,7140000.0,22000000.0,34700000.0,43422184.00687876,219840000.0,936000.0
Asia,India,1999,155000000.0,6950000.0,22600000.0,34600000.0,47033533.9638865,219150000.0,996000.0
Asia,India,2000,164000000.0,6400000.0,23700000.0,34200000.0,49097162.510748066,228300000.0,1030000.0
Asia,India,2001,166000000.0,6340000.0,23800000.0,34100000.0,50386930.352536544,230240000.0,1040000.0
Asia,India,2002,173000000.0,5510000.0,24800000.0,35200000.0,52450558.89939811,238510000.0,1050000.0
Asia,India,2003,181000000.0,6480000.0,26600000.0,35400000.0,54858125.53740327,249480000.0,1100000.0
Asia,India,2004,193000000.0,7290000.0,26300000.0,36300000.0,58211521.92605331,262890000.0,1150000.0
Asia,India,2005,211000000.0,8750000.0,26700000.0,34900000.0,60619088.56405847,281350000.0,1220000.0
Asia,India,2006,219000000.0,9780000.0,26400000.0,36000000.0,63972484.95270851,291180000.0,1300000.0
Asia,India,2007,240000000.0,10400000.0,27100000.0,36400000.0,68357695.61478934,313900000.0,1410000.0
Asia,India,2008,259000000.0,9480000.0,27500000.0,37800000.0,71023215.8211522,333780000.0,1570000.0
Asia,India,2009,281000000.0,8960000.0,33800000.0,38000000.0,75666380.05159071,361760000.0,1740000.0
Asia,India,2010,290000000.0,9840000.0,44300000.0,41300000.0,80395528.80481513,385440000.0,1720000.0
Asia,Indonesia,1990,3420000.0,491000.0,39500000.0,74400000.0,2863284.6087704212,117811000.0,150000.0
Asia,Indonesia,1991,3460000.0,570000.0,43400000.0,81000000.0,3241616.5090283747,128430000.0,180000.0
Asia,Indonesia,1992,4230000.0,758000.0,46000000.0,76700000.0,3525365.43422184,127688000.0,203000.0
Asia,Indonesia,1993,4930000.0,678000.0,47700000.0,76900000.0,3817712.811693895,130208000.0,219000.0
Asia,Indonesia,1994,4930000.0,525000.0,54400000.0,76900000.0,4445399.828030954,136755000.0,221000.0
Asia,Indonesia,1995,5420000.0,648000.0,54600000.0,76500000.0,5064488.392089424,137168000.0,225000.0
Asia,Indonesia,1996,6470000.0,702000.0,57600000.0,76700000.0,5735167.669819432,141472000.0,253000.0
Asia,Indonesia,1997,7980000.0,439000.0,59100000.0,75700000.0,6577815.993121238,143219000.0,279000.0
Asia,Indonesia,1998,8560000.0,832000.0,58100000.0,74200000.0,6646603.611349957,141692000.0,214000.0
Asia,Indonesia,1999,11800000.0,808000.0,63000000.0,68600000.0,7248495.270851247,144208000.0,242000.0
Asia,Indonesia,2000,13200000.0,861000.0,62700000.0,71800000.0,7962166.809974205,148561000.0,263000.0
Asia,Indonesia,2001,16700000.0,1000000.0,60900000.0,68200000.0,8770421.32416165,146800000.0,295000.0
Asia,Indonesia,2002,17200000.0,854000.0,67000000.0,63300000.0,9286328.460877042,148354000.0,307000.0
Asia,Indonesia,2003,23100000.0,782000.0,70200000.0,57600000.0,9716251.074806536,151682000.0,317000.0
Asia,Indonesia,2004,21300000.0,832000.0,67100000.0,55600000.0,10318142.734307824,144832000.0,338000.0
Asia,Indonesia,2005,24400000.0,922000.0,67600000.0,53700000.0,10920034.393809114,146622000.0,342000.0
Asia,Indonesia,2006,28900000.0,827000.0,66900000.0,50200000.0,11435941.530524505,146827000.0,345000.0
Asia,Indonesia,2007,36200000.0,970000.0,64400000.0,47800000.0,12209802.235597592,149370000.0,376000.0
Asia,Indonesia,2008,31500000.0,991000.0,66400000.0,49400000.0,12811693.895098882,148291000.0,417000.0
Asia,Indonesia,2009,33200000.0,979000.0,69200000.0,48400000.0,13499570.07738607,151779000.0,446000.0
Asia,Indonesia,2010,39500000.0,1520000.0,77100000.0,48600000.0,14617368.873602752,166720000.0,429000.0
Asia,Iran,1990,710000.0,523000.0,23600000.0,163000000.0,4961306.964746346,187833000.0,210000.0
Asia,Iran,1991,1010000.0,607000.0,27800000.0,174000000.0,5399828.030954428,203417000.0,227000.0
Asia,Iran,1992,893000.0,819000.0,29400000.0,176000000.0,5778159.931212381,207112000.0,228000.0
Asia,Iran,1993,1100000.0,845000.0,15700000.0,184000000.0,6423043.852106621,201645000.0,237000.0
Asia,Iran,1994,1100000.0,640000.0,25000000.0,185000000.0,6964746.345657782,211740000.0,265000.0
Asia,Iran,1995,1030000.0,627000.0,30400000.0,185000000.0,7257093.723129837,217057000.0,273000.0
Asia,Iran,1996,1080000.0,636000.0,35700000.0,187000000.0,7635425.62338779,224416000.0,276000.0
Asia,Iran,1997,1110000.0,596000.0,37500000.0,187000000.0,8340498.710232158,226206000.0,269000.0
Asia,Iran,1998,1290000.0,605000.0,42400000.0,191000000.0,8770421.32416165,235295000.0,309000.0
Asia,Iran,1999,1230000.0,425000.0,50500000.0,178000000.0,9458297.506448839,230155000.0,382000.0
Asia,Iran,2000,1300000.0,314000.0,53700000.0,192000000.0,10232158.211521925,247314000.0,372000.0
Asia,Iran,2001,1280000.0,435000.0,59700000.0,190000000.0,11006018.916595014,251415000.0,398000.0
Asia,Iran,2002,1210000.0,692000.0,70900000.0,179000000.0,11865864.144453999,251802000.0,402000.0
Asia,Iran,2003,1310000.0,954000.0,74400000.0,202000000.0,12553740.326741187,278664000.0,418000.0
Asia,Iran,2004,1370000.0,914000.0,86800000.0,209000000.0,13413585.554600172,298084000.0,447000.0
Asia,Iran,2005,1560000.0,1380000.0,92100000.0,208000000.0,14617368.873602752,303040000.0,469000.0
Asia,Iran,2006,1500000.0,1570000.0,100000000.0,211000000.0,15821152.192605332,314070000.0,509000.0
Asia,Iran,2007,1570000.0,1550000.0,112000000.0,213000000.0,16852966.466036115,328120000.0,519000.0
Asia,Iran,2008,1170000.0,430000.0,118000000.0,216000000.0,17712811.693895098,335600000.0,542000.0
Asia,Iran,2009,1360000.0,622000.0,129000000.0,207000000.0,18486672.398968186,337982000.0,554000.0
Asia,Iran,2010,1290000.0,819000.0,137000000.0,212000000.0,19432502.14961307,351109000.0,573000.0
Europe,Italy,1990,14100000.0,2720000.0,14000000.0,4670000.0,18658641.444539983,35490000.0,418000.0
Europe,Italy,1991,13800000.0,3630000.0,14100000.0,4330000.0,19088564.058469474,35860000.0,424000.0
Europe,Italy,1992,12200000.0,3630000.0,14700000.0,4500000.0,19432502.14961307,35030000.0,421000.0
Europe,Italy,1993,10600000.0,3560000.0,15700000.0,4640000.0,19174548.581255373,34500000.0,412000.0
Europe,Italy,1994,11400000.0,3840000.0,16500000.0,4900000.0,19948409.28632846,36640000.0,407000.0
Europe,Italy,1995,12300000.0,3250000.0,16300000.0,5240000.0,20722269.99140155,37090000.0,430000.0
Europe,Italy,1996,11200000.0,3620000.0,16400000.0,5450000.0,20980223.559759244,36670000.0,426000.0
Europe,Italy,1997,11300000.0,3580000.0,15900000.0,5950000.0,21582115.219260532,36730000.0,430000.0
Europe,Italy,1998,11800000.0,3540000.0,15700000.0,5620000.0,22355975.92433362,36660000.0,440000.0
Europe,Italy,1999,11800000.0,3900000.0,14400000.0,5020000.0,22871883.06104901,35120000.0,442000.0
Europe,Italy,2000,12600000.0,3800000.0,13700000.0,4590000.0,23817712.811693896,34690000.0,451000.0
Europe,Italy,2001,13400000.0,4030000.0,12600000.0,4130000.0,23989681.857265692,34160000.0,450000.0
Europe,Italy,2002,13700000.0,3400000.0,12100000.0,5530000.0,24419604.471195184,34730000.0,453000.0
Europe,Italy,2003,14900000.0,3150000.0,11500000.0,5570000.0,25279449.69905417,35120000.0,468000.0
Europe,Italy,2004,16600000.0,3640000.0,10700000.0,5470000.0,26053310.40412726,36410000.0,474000.0
Europe,Italy,2005,16500000.0,3100000.0,9960000.0,6110000.0,26139294.926913157,35670000.0,473000.0
Europe,Italy,2006,16700000.0,3180000.0,9060000.0,5770000.0,26999140.15477214,34710000.0,469000.0
Europe,Italy,2007,16300000.0,2820000.0,7950000.0,5860000.0,26999140.15477214,32930000.0,463000.0
Europe,Italy,2008,15800000.0,3580000.0,7580000.0,5240000.0,27429062.768701635,32200000.0,447000.0
Europe,Italy,2009,12400000.0,4230000.0,6560000.0,4570000.0,25193465.176268272,27760000.0,402000.0
Europe,Italy,2010,13700000.0,4400000.0,6880000.0,5110000.0,25967325.881341357,30090000.0,405000.0
Asia,Kazakhstan,1990,38700000.0,633000.0,5090000.0,25800000.0,7515047.291487533,70223000.0,298000.0
Asia,Kazakhstan,1991,37800000.0,619000.0,5220000.0,26600000.0,7394668.959587274,70239000.0,287000.0
Asia,Kazakhstan,1992,38100000.0,590000.0,4890000.0,25800000.0,7153912.295786758,69380000.0,262000.0
Asia,Kazakhstan,1993,34600000.0,656000.0,4410000.0,23000000.0,6698194.325021496,62666000.0,218000.0
Asia,Kazakhstan,1994,33800000.0,789000.0,2730000.0,20300000.0,5743766.122098022,57619000.0,200000.0
Asia,Kazakhstan,1995,27300000.0,716000.0,3430000.0,20600000.0,5735167.669819432,52046000.0,169000.0
Asia,Kazakhstan,1996,24400000.0,630000.0,2970000.0,23000000.0,5047291.487532244,51000000.0,142000.0
Asia,Kazakhstan,1997,20900000.0,559000.0,4830000.0,25800000.0,4471195.184866724,52089000.0,129000.0
Asia,Kazakhstan,1998,20600000.0,528000.0,4240000.0,25900000.0,4282029.234737747,51268000.0,127000.0
Asia,Kazakhstan,1999,19100000.0,527000.0,5640000.0,30100000.0,4067067.9277730007,55367000.0,116000.0
Asia,Kazakhstan,2000,17800000.0,648000.0,7080000.0,35300000.0,4436801.375752364,60828000.0,118000.0
Asia,Kazakhstan,2001,22300000.0,695000.0,7220000.0,40100000.0,4780739.466895958,70315000.0,132000.0
Asia,Kazakhstan,2002,22600000.0,764000.0,7700000.0,47300000.0,5047291.487532244,78364000.0,134000.0
Asia,Kazakhstan,2003,24900000.0,742000.0,9280000.0,51400000.0,5494411.006018916,86322000.0,142000.0
Asia,Kazakhstan,2004,26600000.0,693000.0,10900000.0,59500000.0,5752364.574376612,97693000.0,173000.0
Asia,Kazakhstan,2005,26900000.0,676000.0,11500000.0,61500000.0,5838349.097162511,100576000.0,177000.0
Asia,Kazakhstan,2006,28300000.0,668000.0,12000000.0,65100000.0,6165090.283748925,106068000.0,193000.0
Asia,Kazakhstan,2007,31100000.0,703000.0,12400000.0,67200000.0,6586414.445399828,111403000.0,222000.0
Asia,Kazakhstan,2008,33800000.0,641000.0,14400000.0,70700000.0,6904557.179707653,119541000.0,233000.0
Asia,Kazakhstan,2009,30900000.0,592000.0,14900000.0,76500000.0,6766981.943250215,122892000.0,213000.0
Asia,Kazakhstan,2010,33400000.0,690000.0,15800000.0,79700000.0,7102321.582115219,129590000.0,249000.0
Asia,Malaysia,1990,1330000.0,343000.0,15500000.0,29600000.0,1977644.0240756664,46773000.0,56600.0
Asia,Malaysia,1991,1560000.0,379000.0,18400000.0,30800000.0,2287188.3061049012,51139000.0,68600.0
Asia,Malaysia,1992,1640000.0,375000.0,19100000.0,31300000.0,2510748.0653482373,52415000.0,75300.0
Asia,Malaysia,1993,1370000.0,419000.0,20700000.0,30600000.0,2760103.1814273433,53089000.0,91700.0
Asia,Malaysia,1994,1520000.0,561000.0,21300000.0,31100000.0,3138435.0816852967,54481000.0,94000.0
Asia,Malaysia,1995,1670000.0,535000.0,24200000.0,33300000.0,3172828.890799656,59705000.0,121000.0
Asia,Malaysia,1996,1680000.0,446000.0,30700000.0,33800000.0,4239036.973344798,66626000.0,125000.0
Asia,Malaysia,1997,1620000.0,333000.0,35000000.0,33500000.0,4935511.607910576,70453000.0,125000.0
Asia,Malaysia,1998,1730000.0,418000.0,35100000.0,34000000.0,5004299.226139295,71248000.0,114000.0
Asia,Malaysia,1999,1940000.0,647000.0,35700000.0,32400000.0,5382631.126397248,70687000.0,108000.0
Asia,Malaysia,2000,2490000.0,599000.0,42000000.0,33500000.0,5546001.719690456,78589000.0,126000.0
Asia,Malaysia,2001,2970000.0,607000.0,41400000.0,32500000.0,6027515.047291487,77477000.0,136000.0
Asia,Malaysia,2002,3640000.0,456000.0,42700000.0,34200000.0,6534823.731728289,80996000.0,134000.0
Asia,Malaysia,2003,5320000.0,435000.0,44700000.0,35400000.0,6655202.063628547,85855000.0,158000.0
Asia,Malaysia,2004,6630000.0,501000.0,51000000.0,36300000.0,7850386.930352537,94431000.0,164000.0
Asia,Malaysia,2005,6890000.0,446000.0,57500000.0,34600000.0,8082545.141874462,99436000.0,174000.0
Asia,Malaysia,2006,7300000.0,554000.0,56400000.0,32700000.0,8598452.278589854,96954000.0,168000.0
Asia,Malaysia,2007,8850000.0,558000.0,55400000.0,33800000.0,8942390.369733447,98608000.0,185000.0
Asia,Malaysia,2008,9780000.0,642000.0,57400000.0,34000000.0,9200343.938091144,101822000.0,204000.0
Asia,Malaysia,2009,10600000.0,598000.0,55000000.0,32200000.0,9544282.029234737,98398000.0,199000.0
Asia,Malaysia,2010,14800000.0,557000.0,50600000.0,32600000.0,10318142.734307824,98557000.0,218000.0
America,Mexico,1990,3370000.0,2020000.0,24400000.0,145000000.0,10060189.165950129,174790000.0,318000.0
America,Mexico,1991,3260000.0,1880000.0,24700000.0,153000000.0,11006018.916595014,182840000.0,332000.0
America,Mexico,1992,3300000.0,2250000.0,24000000.0,153000000.0,11349957.007738607,182550000.0,335000.0
America,Mexico,1993,3720000.0,2260000.0,25700000.0,153000000.0,11521926.053310404,184680000.0,339000.0
America,Mexico,1994,4500000.0,1720000.0,27300000.0,154000000.0,12553740.326741187,187520000.0,353000.0
America,Mexico,1995,5010000.0,2370000.0,27000000.0,150000000.0,12897678.41788478,184380000.0,333000.0
America,Mexico,1996,5740000.0,2700000.0,29400000.0,162000000.0,13499570.07738607,199840000.0,346000.0
America,Mexico,1997,5750000.0,2270000.0,31100000.0,170000000.0,14359415.305245057,209120000.0,370000.0
America,Mexico,1998,5880000.0,2120000.0,33700000.0,173000000.0,15563198.624247635,214700000.0,389000.0
America,Mexico,1999,5980000.0,2820000.0,33800000.0,165000000.0,16337059.329320723,207600000.0,392000.0
America,Mexico,2000,6550000.0,2850000.0,34500000.0,170000000.0,17540842.6483233,213900000.0,398000.0
America,Mexico,2001,7190000.0,2450000.0,34600000.0,176000000.0,18056749.785038695,220240000.0,413000.0
America,Mexico,2002,12000000.0,2150000.0,35800000.0,178000000.0,18572656.921754085,227950000.0,414000.0
America,Mexico,2003,8880000.0,1710000.0,37500000.0,188000000.0,19346517.626827173,236090000.0,440000.0
America,Mexico,2004,9090000.0,2170000.0,39000000.0,190000000.0,20206362.854686156,240260000.0,441000.0
America,Mexico,2005,11500000.0,2380000.0,47000000.0,186000000.0,21324161.650902838,246880000.0,466000.0
America,Mexico,2006,12300000.0,2610000.0,51600000.0,183000000.0,22012037.833190028,249510000.0,479000.0
America,Mexico,2007,11300000.0,2350000.0,48200000.0,172000000.0,22613929.492691316,233850000.0,481000.0
America,Mexico,2008,10100000.0,3370000.0,48000000.0,157000000.0,23129836.629406705,218470000.0,493000.0
America,Mexico,2009,10300000.0,2300000.0,53300000.0,147000000.0,23043852.106620807,212900000.0,476000.0
America,Mexico,2010,12700000.0,3190000.0,51800000.0,146000000.0,23731728.288907997,213690000.0,464000.0
Europe,Norway,1990,811000.0,10400000.0,22900000.0,82100000.0,10490111.779879622,116211000.0,31500.0
Europe,Norway,1991,722000.0,9470000.0,22500000.0,93800000.0,9544282.029234737,126492000.0,32100.0
Europe,Norway,1992,726000.0,10000000.0,23300000.0,107000000.0,10146173.688736027,141026000.0,32000.0
Europe,Norway,1993,785000.0,10300000.0,22300000.0,114000000.0,10318142.734307824,147385000.0,35100.0
Europe,Norway,1994,885000.0,9600000.0,24200000.0,129000000.0,9716251.074806536,163685000.0,33900.0
Europe,Norway,1995,966000.0,10500000.0,25000000.0,138000000.0,10576096.30266552,174466000.0,33400.0
Europe,Norway,1996,960000.0,8930000.0,33700000.0,155000000.0,9028374.892519347,198590000.0,33400.0
Europe,Norway,1997,953000.0,9440000.0,38700000.0,156000000.0,9630266.552020635,205093000.0,36100.0
Europe,Norway,1998,1030000.0,9950000.0,39800000.0,150000000.0,10060189.165950129,200780000.0,37800.0
Europe,Norway,1999,969000.0,10400000.0,43600000.0,150000000.0,10576096.30266552,204969000.0,40700.0
Europe,Norway,2000,993000.0,12200000.0,44800000.0,161000000.0,12295786.75838349,218993000.0,39700.0
Europe,Norway,2001,885000.0,10400000.0,48600000.0,162000000.0,10490111.779879622,221885000.0,41900.0
Europe,Norway,2002,767000.0,11100000.0,59000000.0,158000000.0,11263972.484952709,228867000.0,38000.0
Europe,Norway,2003,749000.0,9070000.0,65700000.0,154000000.0,9200343.938091144,229519000.0,45200.0
Europe,Norway,2004,846000.0,9350000.0,71300000.0,150000000.0,9544282.029234737,231496000.0,42600.0
Europe,Norway,2005,722000.0,11700000.0,77300000.0,139000000.0,11865864.144453999,228722000.0,42400.0
Europe,Norway,2006,620000.0,10300000.0,79800000.0,129000000.0,10404127.257093724,219720000.0,44300.0
Europe,Norway,2007,681000.0,11500000.0,81300000.0,119000000.0,11779879.6216681,212481000.0,45100.0
Europe,Norway,2008,702000.0,12000000.0,90100000.0,115000000.0,12209802.235597592,217802000.0,55700.0
Europe,Norway,2009,559000.0,10800000.0,93900000.0,109000000.0,11349957.007738607,214259000.0,55300.0
Europe,Norway,2010,762000.0,10100000.0,96500000.0,98800000.0,10662080.825451419,206162000.0,60100.0
America,Peru,1990,145000.0,900000.0,401000.0,6770000.0,1186586.4144453998,8216000.0,21100.0
America,Peru,1991,281000.0,988000.0,376000.0,6040000.0,1246775.5803955288,7685000.0,20300.0
America,Peru,1992,275000.0,833000.0,339000.0,6110000.0,1126397.248495271,7557000.0,20400.0
America,Peru,1993,289000.0,1020000.0,357000.0,6620000.0,1272570.9372312983,8286000.0,23600.0
America,Peru,1994,356000.0,1100000.0,373000.0,6670000.0,1367153.9122957867,8499000.0,23300.0
America,Peru,1995,374000.0,1100000.0,361000.0,6410000.0,1453138.4350816852,8245000.0,23900.0
America,Peru,1996,392000.0,1150000.0,366000.0,6320000.0,1487532.2441960447,8228000.0,24400.0
America,Peru,1997,408000.0,1140000.0,217000.0,6230000.0,1547721.4101461738,7995000.0,27500.0
America,Peru,1998,447000.0,1190000.0,368000.0,6010000.0,1599312.1238177128,8015000.0,27800.0
America,Peru,1999,405000.0,1250000.0,370000.0,5540000.0,1642304.3852106621,7565000.0,29400.0
America,Peru,2000,630000.0,1390000.0,311000.0,5140000.0,1711092.003439381,7471000.0,30300.0
America,Peru,2001,571000.0,1510000.0,333000.0,5030000.0,1788478.0739466895,7444000.0,27200.0
America,Peru,2002,782000.0,1550000.0,398000.0,5030000.0,1891659.501289768,7760000.0,27200.0
America,Peru,2003,840000.0,1590000.0,471000.0,4710000.0,1969045.5717970766,7611000.0,26400.0
America,Peru,2004,908000.0,1510000.0,774000.0,4690000.0,2089423.9036973345,7882000.0,31900.0
America,Peru,2005,921000.0,1560000.0,1370000.0,5320000.0,2192605.3310404127,9171000.0,37100.0
America,Peru,2006,784000.0,1690000.0,1600000.0,5540000.0,2355975.92433362,9614000.0,34900.0
America,Peru,2007,1040000.0,1680000.0,2410000.0,5490000.0,2570937.231298366,10620000.0,43000.0
America,Peru,2008,923000.0,1650000.0,3120000.0,5700000.0,2794496.9905417026,11393000.0,41000.0
America,Peru,2009,829000.0,1690000.0,3190000.0,6510000.0,2828890.799656062,12219000.0,51700.0
America,Peru,2010,813000.0,1720000.0,6510000.0,6950000.0,3086844.3680137577,15993000.0,57600.0
Europe,Romania,1990,12700000.0,981000.0,22900000.0,8140000.0,5528804.815133276,44721000.0,174000.0
Europe,Romania,1991,10200000.0,1250000.0,20100000.0,7010000.0,4883920.894239037,38560000.0,140000.0
Europe,Romania,1992,10800000.0,1010000.0,17600000.0,6830000.0,4660361.134995701,36240000.0,129000.0
Europe,Romania,1993,10100000.0,1100000.0,16800000.0,6930000.0,4772141.014617369,34930000.0,125000.0
Europe,Romania,1994,10400000.0,1120000.0,14800000.0,6970000.0,4737747.205503009,33290000.0,119000.0
Europe,Romania,1995,10800000.0,1440000.0,14400000.0,6950000.0,5098882.201203783,33590000.0,126000.0
Europe,Romania,1996,10700000.0,1360000.0,13800000.0,6850000.0,5279449.69905417,32710000.0,125000.0
Europe,Romania,1997,9720000.0,1510000.0,11900000.0,6750000.0,4909716.251074807,29880000.0,113000.0
Europe,Romania,1998,8060000.0,1620000.0,11200000.0,6550000.0,4600171.969045572,27430000.0,99800.0
Europe,Romania,1999,6860000.0,1570000.0,11200000.0,6380000.0,4359415.305245056,26010000.0,89700.0
Europe,Romania,2000,7490000.0,1270000.0,11000000.0,6290000.0,4462596.732588134,26050000.0,90700.0
Europe,Romania,2001,7650000.0,1280000.0,10800000.0,6240000.0,4634565.778159931,25970000.0,96600.0
Europe,Romania,2002,8820000.0,1380000.0,10600000.0,6070000.0,4703353.39638865,26870000.0,97200.0
Europe,Romania,2003,9420000.0,1140000.0,10400000.0,5890000.0,4737747.205503009,26850000.0,101000.0
Europe,Romania,2004,9310000.0,1420000.0,10400000.0,5710000.0,4858125.537403268,26840000.0,96900.0
Europe,Romania,2005,8790000.0,1740000.0,9700000.0,5440000.0,5107480.653482373,25670000.0,96500.0
Europe,Romania,2006,9510000.0,1580000.0,9570000.0,5000000.0,5391229.578675838,25660000.0,103000.0
Europe,Romania,2007,10100000.0,1370000.0,9230000.0,4750000.0,5305245.05588994,25450000.0,102000.0
Europe,Romania,2008,9600000.0,1480000.0,9030000.0,4720000.0,5588993.981083405,24830000.0,96400.0
Europe,Romania,2009,7560000.0,1340000.0,8940000.0,4500000.0,4987102.321582115,22340000.0,81600.0
Europe,Romania,2010,7010000.0,1680000.0,8630000.0,4290000.0,5245055.889939811,21610000.0,79400.0
Europe,Russia,1990,182000000.0,14300000.0,531000000.0,516000000.0,92863284.60877042,1243300000.0,2360000.0
Europe,Russia,1991,167000000.0,14400000.0,524000000.0,462000000.0,92003439.38091144,1167400000.0,2280000.0
Europe,Russia,1992,157000000.0,14800000.0,525000000.0,399000000.0,86844368.01375753,1095800000.0,2080000.0
Europe,Russia,1993,142000000.0,14900000.0,504000000.0,355000000.0,82201203.783319,1015900000.0,1940000.0
Europe,Russia,1994,124000000.0,15100000.0,495000000.0,318000000.0,75322441.96044712,952100000.0,1700000.0
Europe,Russia,1995,119000000.0,15100000.0,479000000.0,311000000.0,74118658.64144453,924100000.0,1630000.0
Europe,Russia,1996,117000000.0,13200000.0,489000000.0,303000000.0,72828890.79965606,922200000.0,1610000.0
Europe,Russia,1997,108000000.0,13500000.0,464000000.0,307000000.0,71711092.00343938,892500000.0,1530000.0
Europe,Russia,1998,101000000.0,13600000.0,479000000.0,304000000.0,71023215.8211522,897600000.0,1500000.0
Europe,Russia,1999,102000000.0,13800000.0,482000000.0,305000000.0,72742906.27687016,902800000.0,1530000.0
Europe,Russia,2000,106000000.0,14100000.0,476000000.0,327000000.0,75494411.00601892,923100000.0,1560000.0
Europe,Russia,2001,103000000.0,15000000.0,474000000.0,352000000.0,76612209.8022356,944000000.0,1560000.0
Europe,Russia,2002,104000000.0,14000000.0,485000000.0,384000000.0,76612209.8022356,987000000.0,1560000.0
Europe,Russia,2003,104000000.0,13400000.0,505000000.0,426000000.0,78417884.78073947,1048400000.0,1600000.0
Europe,Russia,2004,99900000.0,15100000.0,516000000.0,463000000.0,80137575.23645744,1094000000.0,1600000.0
Europe,Russia,2005,94600000.0,14900000.0,522000000.0,475000000.0,82029234.7377472,1106500000.0,1620000.0
Europe,Russia,2006,97000000.0,14900000.0,536000000.0,486000000.0,85296646.60361135,1133900000.0,1670000.0
Europe,Russia,2007,93900000.0,15200000.0,533000000.0,497000000.0,87704213.2416165,1139100000.0,1670000.0
Europe,Russia,2008,101000000.0,14200000.0,542000000.0,494000000.0,89423903.69733448,1151200000.0,1710000.0
Europe,Russia,2009,92200000.0,15000000.0,475000000.0,501000000.0,85382631.12639725,1083200000.0,1570000.0
Europe,Russia,2010,90500000.0,14300000.0,530000000.0,512000000.0,89423903.69733448,1146800000.0,1670000.0
Asia,Thailand,1990,3900000.0,428000.0,5800000.0,2440000.0,3791917.4548581257,12568000.0,90800.0
Asia,Thailand,1991,4570000.0,394000.0,7190000.0,2820000.0,4307824.591573517,14974000.0,99800.0
Asia,Thailand,1992,4890000.0,364000.0,7670000.0,3300000.0,4901117.798796217,16224000.0,110000.0
Asia,Thailand,1993,5440000.0,318000.0,8640000.0,3390000.0,5442820.292347377,17788000.0,125000.0
Asia,Thailand,1994,6300000.0,388000.0,9550000.0,3420000.0,6113499.570077386,19658000.0,139000.0
Asia,Thailand,1995,7180000.0,577000.0,10100000.0,3320000.0,6852966.466036114,21177000.0,161000.0
Asia,Thailand,1996,8740000.0,631000.0,11700000.0,3780000.0,7480653.482373172,24851000.0,180000.0
Asia,Thailand,1997,9010000.0,619000.0,14400000.0,4290000.0,7970765.262252795,28319000.0,186000.0
Asia,Thailand,1998,7230000.0,445000.0,15600000.0,4460000.0,7695614.789337919,27735000.0,164000.0
Asia,Thailand,1999,7690000.0,304000.0,17100000.0,4860000.0,7755803.955288048,29954000.0,176000.0
Asia,Thailand,2000,7880000.0,518000.0,18000000.0,6790000.0,8211521.926053311,33188000.0,181000.0
Asia,Thailand,2001,8780000.0,542000.0,17500000.0,7390000.0,8684436.801375752,34212000.0,195000.0
Asia,Thailand,2002,9370000.0,642000.0,18300000.0,8130000.0,9286328.460877042,36442000.0,208000.0
Asia,Thailand,2003,9570000.0,628000.0,19100000.0,9590000.0,9974204.64316423,38888000.0,225000.0
Asia,Thailand,2004,10700000.0,519000.0,19900000.0,9380000.0,10662080.825451419,40499000.0,243000.0
Asia,Thailand,2005,11600000.0,499000.0,21100000.0,11500000.0,11177987.96216681,44699000.0,247000.0
Asia,Thailand,2006,12400000.0,699000.0,21600000.0,12600000.0,11779879.6216681,47299000.0,252000.0
Asia,Thailand,2007,14000000.0,698000.0,23100000.0,13200000.0,12295786.75838349,50998000.0,252000.0
Asia,Thailand,2008,15100000.0,612000.0,25600000.0,14000000.0,12467755.803955289,55312000.0,252000.0
Asia,Thailand,2009,15100000.0,615000.0,27500000.0,14500000.0,12553740.326741187,57715000.0,268000.0
Asia,Thailand,2010,15500000.0,476000.0,32200000.0,14900000.0,13585554.600171968,63076000.0,282000.0
Asia,Turkmenistan,1990,368000.0,60200.0,71500000.0,5700000.0,1255374.0326741186,77628200.0,37500.0
Asia,Turkmenistan,1991,322000.0,60200.0,68700000.0,5400000.0,1281169.3895098881,74482200.0,36200.0
Asia,Turkmenistan,1992,138000.0,344.0,49000000.0,5200000.0,1126397.248495271,54338344.0,33000.0
Asia,Turkmenistan,1993,0.0,430.0,53200000.0,4380000.0,1083404.9871023216,57580430.0,28300.0
Asia,Turkmenistan,1994,5000.0,344.0,29100000.0,4190000.0,902837.4892519347,33295344.0,33500.0
Asia,Turkmenistan,1995,5000.0,344.0,26300000.0,4070000.0,842648.3233018056,30375344.0,34000.0
Asia,Turkmenistan,1996,46000.0,430.0,28700000.0,4360000.0,868443.6801375753,33106430.0,30700.0
Asia,Turkmenistan,1997,0.0,430.0,14100000.0,5370000.0,816852.9664660362,19470430.0,30600.0
Asia,Turkmenistan,1998,0.0,516.0,10800000.0,6370000.0,809974.2046431642,17170516.0,32100.0
Asia,Turkmenistan,1999,0.0,430.0,18600000.0,7060000.0,761822.871883061,25660430.0,37700.0
Asia,Turkmenistan,2000,0.0,430.0,38300000.0,7060000.0,854686.1564918315,45360430.0,37500.0
Asia,Turkmenistan,2001,0.0,258.0,41800000.0,7910000.0,911435.9415305245,49710258.0,38100.0
Asia,Turkmenistan,2002,0.0,258.0,43600000.0,8890000.0,920034.3938091144,52490258.0,40000.0
Asia,Turkmenistan,2003,0.0,258.0,48100000.0,9910000.0,937231.298366294,58010258.0,44600.0
Asia,Turkmenistan,2004,0.0,258.0,47500000.0,9570000.0,1031814.2734307825,57070258.0,46500.0
Asia,Turkmenistan,2005,0.0,258.0,51300000.0,9490000.0,1100601.8916595012,60790258.0,48300.0
Asia,Turkmenistan,2006,0.0,258.0,54300000.0,9190000.0,1177987.96216681,63490258.0,49500.0
Asia,Turkmenistan,2007,0.0,258.0,58900000.0,9810000.0,1281169.3895098881,68710258.0,56000.0
Asia,Turkmenistan,2008,0.0,258.0,59500000.0,10400000.0,1289767.841788478,69900258.0,56800.0
Asia,Turkmenistan,2009,0.0,258.0,32700000.0,10500000.0,1375752.3645743767,43200258.0,50300.0
Asia,Turkmenistan,2010,0.0,258.0,38100000.0,10800000.0,1435941.5305245055,48900258.0,57300.0
Europe,United Kingdom,1990,64900000.0,448000.0,40900000.0,91600000.0,27515047.291487534,197848000.0,556000.0
Europe,United Kingdom,1991,65100000.0,398000.0,45600000.0,91300000.0,27773000.85984523,202398000.0,567000.0
Europe,United Kingdom,1992,61200000.0,467000.0,46300000.0,94300000.0,27601031.814273432,202267000.0,556000.0
Europe,United Kingdom,1993,53300000.0,370000.0,54500000.0,100000000.0,27773000.85984523,208170000.0,546000.0
Europe,United Kingdom,1994,49700000.0,438000.0,58200000.0,127000000.0,28116938.95098882,235338000.0,547000.0
Europe,United Kingdom,1995,47500000.0,416000.0,63700000.0,130000000.0,28976784.17884781,241616000.0,538000.0
Europe,United Kingdom,1996,44400000.0,292000.0,75700000.0,130000000.0,30180567.49785039,250392000.0,551000.0
Europe,United Kingdom,1997,39600000.0,359000.0,77300000.0,128000000.0,30180567.49785039,245259000.0,527000.0
Europe,United Kingdom,1998,38600000.0,440000.0,81100000.0,133000000.0,31212381.771281168,253140000.0,532000.0
Europe,United Kingdom,1999,34300000.0,459000.0,89200000.0,137000000.0,31642304.385210663,260959000.0,531000.0
Europe,United Kingdom,2000,36700000.0,437000.0,97500000.0,126000000.0,32416165.090283748,260637000.0,542000.0
Europe,United Kingdom,2001,38900000.0,349000.0,95200000.0,117000000.0,33104041.272570938,251449000.0,546000.0
Europe,United Kingdom,2002,35700000.0,412000.0,93200000.0,116000000.0,33276010.318142734,245312000.0,529000.0
Europe,United Kingdom,2003,38100000.0,278000.0,92600000.0,106000000.0,34221840.06878762,236978000.0,540000.0
Europe,United Kingdom,2004,36600000.0,416000.0,86700000.0,95600000.0,33877901.97764403,219316000.0,539000.0
Europe,United Kingdom,2005,37400000.0,423000.0,79400000.0,85100000.0,34221840.06878762,202323000.0,543000.0
Europe,United Kingdom,2006,40900000.0,395000.0,72000000.0,76900000.0,34135855.54600172,190195000.0,541000.0
Europe,United Kingdom,2007,38400000.0,438000.0,64900000.0,76900000.0,34135855.54600172,180638000.0,528000.0
Europe,United Kingdom,2008,35600000.0,444000.0,62700000.0,72000000.0,33447979.36371453,170744000.0,521000.0
Europe,United Kingdom,2009,29800000.0,453000.0,53700000.0,68300000.0,32416165.090283748,152253000.0,472000.0
Europe,United Kingdom,2010,30900000.0,310000.0,51400000.0,63200000.0,32846087.704213243,145810000.0,493000.0
America,United States,1990,483000000.0,23500000.0,462000000.0,417000000.0,277730008.59845227,1385500000.0,4820000.0
America,United States,1991,479000000.0,24800000.0,459000000.0,423000000.0,281169389.50988823,1385800000.0,4820000.0
America,United States,1992,482000000.0,21900000.0,463000000.0,413000000.0,282029234.7377472,1379900000.0,4910000.0
America,United States,1993,500000000.0,24400000.0,468000000.0,397000000.0,292347377.472055,1389400000.0,5030000.0
America,United States,1994,502000000.0,22600000.0,488000000.0,388000000.0,297506448.83920896,1400600000.0,5090000.0
America,United States,1995,506000000.0,27000000.0,481000000.0,384000000.0,306964746.34565777,1398000000.0,5130000.0
America,United States,1996,529000000.0,30200000.0,487000000.0,382000000.0,314703353.39638865,1428200000.0,5250000.0
America,United States,1997,540000000.0,28700000.0,489000000.0,380000000.0,319862424.76354253,1437700000.0,5370000.0
America,United States,1998,546000000.0,25500000.0,494000000.0,368000000.0,331900257.95356834,1433500000.0,5400000.0
America,United States,1999,545000000.0,23900000.0,487000000.0,353000000.0,338779019.77644026,1408900000.0,5500000.0
America,United States,2000,569000000.0,21800000.0,495000000.0,348000000.0,348237317.28288907,1433800000.0,5690000.0
America,United States,2001,552000000.0,16200000.0,508000000.0,345000000.0,342218400.68787616,1421200000.0,5600000.0
America,United States,2002,552000000.0,23000000.0,488000000.0,342000000.0,353396388.650043,1405000000.0,5640000.0
America,United States,2003,562000000.0,24000000.0,495000000.0,333000000.0,355975924.33361995,1414000000.0,5680000.0
America,United States,2004,566000000.0,23300000.0,481000000.0,325000000.0,363714531.38435084,1395300000.0,5760000.0
America,United States,2005,574000000.0,23400000.0,468000000.0,309000000.0,371453138.43508166,1374400000.0,5790000.0
America,United States,2006,566000000.0,25100000.0,479000000.0,305000000.0,372312983.6629407,1375100000.0,5700000.0
America,United States,2007,573000000.0,21500000.0,499000000.0,305000000.0,380911435.9415305,1398500000.0,5790000.0
America,United States,2008,564000000.0,22100000.0,522000000.0,302000000.0,377472055.03009456,1410100000.0,5610000.0
America,United States,2009,496000000.0,23700000.0,533000000.0,322000000.0,361994840.92863286,1374700000.0,5260000.0
America,United States,2010,525000000.0,22600000.0,550000000.0,333000000.0,377472055.03009456,1430600000.0,5400000.0
Asia,Uzbekistan,1990,3270000.0,572000.0,33200000.0,2800000.0,4840928.632846088,39842000.0,127000.0
Asia,Uzbekistan,1991,3120000.0,519000.0,34100000.0,2800000.0,4660361.134995701,40539000.0,122000.0
Asia,Uzbekistan,1992,2020000.0,540000.0,34900000.0,3300000.0,4393809.114359415,40760000.0,112000.0
Asia,Uzbekistan,1993,1380000.0,633000.0,36700000.0,4000000.0,4187446.2596732588,42713000.0,116000.0
Asia,Uzbekistan,1994,1410000.0,615000.0,38400000.0,5520000.0,4041272.570937231,45945000.0,109000.0
Asia,Uzbekistan,1995,851000.0,532000.0,39600000.0,7590000.0,4075666.3800515905,48573000.0,103000.0
Asia,Uzbekistan,1996,791000.0,561000.0,39900000.0,7620000.0,3903697.3344797934,48872000.0,106000.0
Asia,Uzbekistan,1997,822000.0,497000.0,41700000.0,7890000.0,3955288.048151333,50909000.0,107000.0
Asia,Uzbekistan,1998,826000.0,495000.0,44600000.0,8180000.0,3946689.595872743,54101000.0,119000.0
Asia,Uzbekistan,1999,824000.0,489000.0,45300000.0,8100000.0,3895098.8822012036,54713000.0,123000.0
Asia,Uzbekistan,2000,718000.0,506000.0,45900000.0,7500000.0,4024075.6663800515,54624000.0,122000.0
Asia,Uzbekistan,2001,761000.0,512000.0,46800000.0,7180000.0,4006878.761822872,55253000.0,123000.0
Asia,Uzbekistan,2002,776000.0,532000.0,46700000.0,7200000.0,4239036.973344798,55208000.0,128000.0
Asia,Uzbekistan,2003,535000.0,655000.0,46800000.0,7130000.0,4187446.2596732588,55120000.0,127000.0
Asia,Uzbekistan,2004,775000.0,775000.0,48800000.0,6580000.0,4264832.330180568,56930000.0,126000.0
Asia,Uzbekistan,2005,917000.0,742000.0,48600000.0,5450000.0,4101461.7368873605,55709000.0,117000.0
Asia,Uzbekistan,2006,813000.0,788000.0,51000000.0,5410000.0,4239036.973344798,58011000.0,120000.0
Asia,Uzbekistan,2007,979000.0,550000.0,52400000.0,4930000.0,4213241.616509029,58859000.0,120000.0
Asia,Uzbekistan,2008,980000.0,977000.0,52000000.0,4780000.0,4307824.591573517,58737000.0,124000.0
Asia,Uzbekistan,2009,1020000.0,802000.0,50000000.0,4460000.0,4299226.139294927,56282000.0,107000.0
Asia,Uzbekistan,2010,940000.0,932000.0,49000000.0,3650000.0,4445399.828030954,54522000.0,104000.0
America,Venezuela,1990,463000.0,3180000.0,19800000.0,118000000.0,5098882.201203783,141443000.0,122000.0
America,Venezuela,1991,0.0,3830000.0,19700000.0,131000000.0,5442820.292347377,154530000.0,115000.0
America,Venezuela,1992,3650.0,4070000.0,19500000.0,132000000.0,5795356.835769561,155573650.0,106000.0
America,Venezuela,1993,28500.0,4080000.0,21000000.0,136000000.0,5967325.881341359,161108500.0,124000.0
America,Venezuela,1994,55500.0,4410000.0,22200000.0,144000000.0,6122098.022355976,170665500.0,130000.0
America,Venezuela,1995,5110.0,4420000.0,24800000.0,155000000.0,6311263.972484953,184225110.0,133000.0
America,Venezuela,1996,16100.0,4630000.0,26800000.0,165000000.0,6500429.92261393,196446100.0,123000.0
America,Venezuela,1997,34300.0,4920000.0,27700000.0,172000000.0,6715391.229578676,204654300.0,134000.0
America,Venezuela,1998,35800.0,4980000.0,29100000.0,178000000.0,6956147.893379192,212115800.0,167000.0
America,Venezuela,1999,36500.0,5210000.0,24700000.0,159000000.0,6930352.536543422,188946500.0,173000.0
America,Venezuela,2000,132000.0,5410000.0,25100000.0,160000000.0,7325881.3413585555,190642000.0,152000.0
America,Venezuela,2001,48900.0,5200000.0,26600000.0,163000000.0,7747205.503009458,194848900.0,173000.0
America,Venezuela,2002,18300.0,5120000.0,25600000.0,153000000.0,7687016.337059329,183738300.0,193000.0
America,Venezuela,2003,43100.0,5210000.0,22700000.0,147000000.0,7747205.503009458,174953100.0,192000.0
America,Venezuela,2004,0.0,6030000.0,25600000.0,170000000.0,8331900.257953568,201630000.0,152000.0
America,Venezuela,2005,37200.0,6640000.0,24700000.0,169000000.0,8942390.369733447,200377200.0,165000.0
America,Venezuela,2006,247000.0,7020000.0,28300000.0,171000000.0,9544282.029234737,206567000.0,170000.0
America,Venezuela,2007,139000.0,7140000.0,32600000.0,166000000.0,9802235.597592434,205879000.0,161000.0
America,Venezuela,2008,141000.0,7470000.0,29500000.0,166000000.0,10232158.211521925,203111000.0,179000.0
America,Venezuela,2009,237000.0,7390000.0,27900000.0,156000000.0,10748065.348237317,191527000.0,180000.0
America,Venezuela,2010,199000.0,6600000.0,27600000.0,146000000.0,10060189.165950129,180399000.0,189000.0
Asia,Vietnam,1990,2220000.0,462000.0,36000.0,2700000.0,746345.6577815993,5418000.0,21400.0
Asia,Vietnam,1991,2150000.0,543000.0,65000.0,3960000.0,791917.4548581255,6718000.0,21500.0
Asia,Vietnam,1992,2150000.0,622000.0,189000.0,5490000.0,834909.7162510748,8451000.0,21500.0
Asia,Vietnam,1993,2080000.0,685000.0,225000.0,6300000.0,920034.3938091144,9290000.0,23000.0
Asia,Vietnam,1994,2300000.0,795000.0,225000.0,7100000.0,1057609.630266552,10420000.0,26200.0
Asia,Vietnam,1995,3100000.0,910000.0,131000.0,7650000.0,1263972.4849527085,11791000.0,29100.0
Asia,Vietnam,1996,3460000.0,1030000.0,258000.0,8850000.0,1461736.8873602753,13598000.0,34700.0
Asia,Vietnam,1997,4440000.0,1000000.0,478000.0,10100000.0,1659501.2897678418,16018000.0,45100.0
Asia,Vietnam,1998,4770000.0,954000.0,810000.0,12100000.0,1865864.1444539982,18634000.0,47500.0
Asia,Vietnam,1999,3570000.0,1180000.0,1170000.0,14600000.0,2029234.7377472054,20520000.0,47700.0
Asia,Vietnam,2000,4680000.0,1250000.0,1440000.0,16500000.0,2295786.758383491,23870000.0,53600.0
Asia,Vietnam,2001,5100000.0,1570000.0,1800000.0,17100000.0,2639724.849527085,25570000.0,61100.0
Asia,Vietnam,2002,5800000.0,1570000.0,2160000.0,17300000.0,3086844.3680137577,26830000.0,70800.0
Asia,Vietnam,2003,6750000.0,1630000.0,2140000.0,17600000.0,3482373.172828891,28120000.0,78800.0
Asia,Vietnam,2004,8800000.0,1530000.0,3740000.0,20700000.0,3972484.9527085125,34770000.0,90500.0
Asia,Vietnam,2005,9020000.0,1460000.0,5800000.0,19000000.0,4479793.637145313,35280000.0,98100.0
Asia,Vietnam,2006,5300000.0,1760000.0,6300000.0,17200000.0,4978503.869303525,30560000.0,103000.0
Asia,Vietnam,2007,5830000.0,1980000.0,6370000.0,16300000.0,5511607.910576097,30480000.0,105000.0
Asia,Vietnam,2008,11400000.0,2230000.0,6750000.0,15200000.0,6104901.117798796,35580000.0,118000.0
Asia,Vietnam,2009,10700000.0,2580000.0,7210000.0,16700000.0,6930352.536543422,37190000.0,129000.0
Asia,Vietnam,2010,14000000.0,2370000.0,8460000.0,15600000.0,7884780.739466896,40430000.0,143000.0
